caseids,location,content
3618380,1,尊敬的苏书记您好！赣县王母渡镇新兴村委员会（书记、村长、会计）三个职位在近5年内从未公开竟选，三人内定，并没有经过正规程序来进行。近5年内村财务从未公开过。村民批地建房由村书记一人收钱不开收据不开发票口头承诺要定可以办好，收费标准并无文件规定，漫口要价村民不知情，但近5年内的批地申请表并未办下来，一直积压在镇国土资源管理所。恳请苏书记督促赣县检察机关、县纪检部门到镇和村民中调查，因镇政府和镇国土资源所和村委员会的三个干部有着千丝万缕的联系，所以镇相关并未有过调查。赣县王母渡镇新兴村委员会村长去年说了一句话：我们光靠共产党的工资那里够呀，吃饭都不够，所以不搞点项目或从国土审批中一次性从村民手中收取一个上限的费用那才不吃亏，也确实村委会工作人员一次随口开价就从未有过批地费用补差或退回，难不成就每次都那么准刚刚好就够了。
3618382,1,彭泽县马当镇利山村有一个四十户人家小山村，也可能是整个九江市或是整个江西省还不多不通汽车路的村庄吧。整个自然村的毛竹，杉树，茶叶等等经济林都是在半山腰里，上下只有一条路，一到农忙的时侯，村里几代人都是通过肩挑手扛，把一年的收成一点一点搬到一条四公里山外通路地方，这就是几辈子吃了不通路的苦啊。今年是建党90周年，几十年都过去了，为什么一条车路都修不上去呢，江西也应该是个交通大省吧，多少高速公路，省道，修的又宽有好，可对比一下这么条小山路，我也想请九江市领导亲自去走一下，感受一下！若要富，先修路。这么条山路怎么能带领百姓过上小康生活啊，市领导，一方百姓恳请共产党为我们修一条辛福之路，小康之路行吗？我在想出行难问题，在许多领导看来不是大事，却是偏僻乡村村民，最关心，最直接，最现实的利益问题。因此，这不仅是一条村民与外界连通的公路，更是修往一条群众的“民心路”。抓住一件件最重要，最迫切的“小事”。构筑起牢固“民心工程”，正时今日今时保持同人民群众血肉联系关建所在，全体村民期待行路难问题在新一届领导班子能得到解决。
3618384,1,书记，您好！真的很抱歉，您日理万机，还要打搅您！我是南昌市安义县的一位普通市民。开学前夕，在外地务工的叔叔将小孩带回老家，打算就读安义中学高中部。可是，教育局长涂赞宝为了将部分学生赶往教学质量低劣的职业高中就读，竟强制安义中学不准招收县内初中毕业生，无奈，学生家长失去自主选择的权利，只好将小孩背井离乡安排到外地就读，许多小孩从小跟随父母四处流浪，而现在面临继续漂泊。而涂赞宝作为教育主管部门领导，擅自利用手中职权，签字批准六十六名科级以上领导干部子女及其本人关系户子女进入安义中学就读，这事在全县群众当中引起极大反响！（情况绝对属实，部分接收学生名单复印件留安义中学，可以调查）现在的政府提倡建设和谐社会，这样的教育部门如何让市民感受到和谐？这样的领导干部如何能创先争优，让人民得到实惠啊！
3618390,1,尊敬的苏书记您好，希望您在百忙之中能关注此事，我们是弱势群体，得了尿毒症，靠血液透析维持生命，家里为我们治病花了好多的钱，已经到了山穷水尽的地步。前些日子听说好多病友的了丙肝，自己也不例外。我们只求生存的希望，可现在尿毒症加丙肝，我们的健康权，生存权，知情权受到伤害。现在连生活的信心也没有，这事我们已向医院领导反映过，到现在也没有结果。院方找病人个别说服签订1一次性赔偿一万元，2在本院治疗丙肝，3免费做血透。不签不治疗，到现在还没对病人实施治疗。丙肝给病人带来的痛苦是肝硬化，肝癌，肝病发作一万元只是杯水车薪，现在党和政府关爱尿毒病人可以免费做血透，但很多人会因为肝病去命。现在好多病友还不知道自己得了丙肝，医院前年可能就知道到现在还一直隐瞒，给病人造成了严重的后果。给家庭造成了严重的负担，给社会造成不良影响，人性何在，医德何在，道德何在。希望您呢救我们于水深火热之中，还我们健康权。
3618393,1,出行难问题，也许在很多人看来不是大事，却是偏僻小乡村的村民最关心，最直接，最现实的利益的问题。因此，这不仅是一条村民与外界连通的公路，更是修往一条群众的“民心路”。抓住一件件最重要，最迫切的“小事”，构筑起牢固的“民心工程”，正是今时今日执政党保持同人民群众血肉联系关键所在。
3618394,1,"江西萍乡荷绕镇泉陂村一路霸泄私愤,恶意毁坏数家村民通往田间耕种必经之路达半年之久,长期以来给村民耕种带来不便;村民联合上诉村干部和镇派出所求助,无果.上诉法院,法院要求有下级部门的调解无效证明,可是又无人肯出具这样的证明.村民们真是被逼得走投无路......难道真要发展成流血事件,造成人命官司才有人管得了吗?难道江西省萍乡市真的没办法让一个毁坏村民耕种之路的路霸停止侵害吗??!地方官员腐败无能啊!"
3618395,1,尊敬的苏书记，您好！我是江西泰和县冠朝中学的一名老师，今年48岁，在1993年不幸患上肝炎，由于当时老师比较紧张，所以没有住院进行正规治疗，而是一边进行中药治疗，一边坚持上课，以至肝炎没有得到彻底治愈。在2010年8月查出已患上肝癌，我于去年二次到上海东方肝胆外科医院进行了二次介入手术（病案号084609，识别号（ID）00412619），今年春节过后，我第三次到上海东方肝胆外科医院进行了二十多天治疗，最后医生告诉我无法再进行介入了，只有换肝，但手术费用不是我一个普通老师所能承受的，只好放弃治疗。今年高考我儿肖远有幸考上江西农大，但由于我治病已花去了我的全部积蓄，并欠下一大批债务，我儿面临着放弃学业的境地，江西省广东中山商会得知这一情况，于本月15号在县民政局领导、镇领导的陪同下，到我家实地调查，准备资助我儿完成学业，对中山商会的慈善行为我表示由衷的感谢！就是我在九泉之下我也不会忘记他们的大恩大德！我从教二十六年，我是多么热爱我的教学事业，二十多年来，对工作可谓是尽心尽职，多次受到县政府、县局、镇政府、学校的表彰和奖励，我也知道不换肝，在世时间不会很长，但我仍然要尽我可能的气力坚持我力所能及的工作，为我终身热爱的教学工作发最后一点光和热！祝苏书记工作顺利！祝我省的教学事业蒸蒸日上！
3618396,1,"迫彻要求落实政策解决社保的报告尊敬的省委苏书记：您好！我们是都昌县徐埠农机站失业职工，69年建站，七十代机站发展壮大，购制了大批拖拉机和修理设备。用地5000多平方米建站，建有11间车库,油库,车间,宿舍,食堂和一栋两层办公楼,按当时市价估算达60多万元。而且是省重?H机站之一。我们这批年轻的农机技术人员曾经用自已的热血和汗水为发展农业生产作出了应有的奉献！随着改革开放，市场经济机制的建立和私营企业崛起，我们经营难于维持，相继失业，对于这一现象当时乡政府和机站未能采取改制措施，我们至今流离失所！八十年代中期，机站大部分机车和设备变卖，99年将一块地皮皮卖给国税税和移民建镇征用费共17万元。历年我们上交承包费和场地出租金每年收入7400多元，而我们失业职未享受分文生活津贴。党的政策非常英明.老有所养,老有所保！十七大精神提出以人为本.关注民生！温总理在2010年政府工作报告中说今年重点抓好八个方面工作,第六项中指出.“加快解决未参保集体企业退休人员基本养老保障等遗留问题”！法律法规也有明确条文，1999年4月6日施行的江西省统一企业职工基本养老保险制度实施办法指出破产.倒闭.拍卖的企业,资产出售和土地使用权转让收入按照[中华人民共和国破产法]养老保险费并一次性划拨给当地社会保险经办机构。1995年1月1日施行?A[中华人民共和国劳动法]第九章七十二条规定,用人单位和劳动者必须依法参加社会保险,缴纳社会保险费”。2007年6月1日施行的[中华人民共和国企业破产法]等。各位领导！我们已过花甲,人民公社第一台大型拖拉机手今年64岁了！我们信访十年之久，前任县长赵伟和周毛春县长曾接访过我们，劳命伤财！县城往返无法计算,有关部门都留下了我们的脚印,乡政府说我们归县农机局管,县里说我们是乡政府管,相互推诿！各位领导，我们徐埠农机站还剩下一栋两层办公楼和一块1000多平方米的地皮坐落在集镇中心黄金地段，价值百万元！为何不引起干部们的重视！我们没有向国家要钱,也不是向县政府要钱,我们有集体资产！是历史的?~实，无法否论！恳望上级政府各位领导主持公道和遵照法律法规与中央政策帮我们解决社保和医保！在此我们提出三个要求:一按照国家法律法规政策和温总理重要讲话解决未参保集体企业退体人员基本养老保障等遗留问题！二我们职工利用剩下的地皮集资建厂耒搞农机销售和修理维持生活。三‘要求站长无条件的交出农机站的办公楼"
3618403,1,崇仁陈坊村书记游桂发与崇仁县森林公安分局大队长朱鹰勾结指使人将林木一伐而光当今天国家大力提倡退耕还林、保护我们日益生存环境的同时，竟然有无视法律的森林公安分局警官、村干部及村民做出如此令人痛心的勾当，不揭发难于平民愤。事情从2007年初说起，江西省抚州市崇仁县相山镇陈坊村民委员会书记游XX与崇仁县森林公安分局大队长朱X（主管相山镇山林）勾结，指示陈坊村委会茶坪村小组的组长谢XX、谢XX先后请了两批砍伐工人，将茶坪村老辽、南美坑等山地的阔叶林木一伐而光。砍伐时间长达1年、涉及原始森林面积大约1800亩、当时的价值约100多万元。据当地村小组的村民说：这片森林在国民党时期都没有砍伐，但就在江西省启动天然阔叶林保护工程，全省禁伐天然阔叶林木时，却被毁于一旦。昔日1800多亩的原始森林现是疮痍满目、荒芜一片，看了让人无比的心痛。由于这勾当没有得到应有的制裁，更是无法无天了。2008年7月，几个福建商人明目张胆地，砍伐茶坪村村口一棵几百年的红豆杉，然后把伐断的红豆杉安然无恙运回福建。在福建商人开始运红豆杉时，就有村委会的干部向朱鹰报告，但没有任何结果，过了六天后朱鹰才来到红豆杉被砍伐的现场。这是失职吗？几个外省人怎会知道江西省崇仁县一个山旮旯的地方有如此珍稀的古木呢？红豆杉：国家一级保护植物，有“活化石植物”之称，是濒危物种，像茶坪村口这棵几百年的红豆杉更是珍稀。茶坪村现还有三棵同样大的红豆杉，不知什么时候又要被毁。其实这事有记者采访过，后公安部门派人到那里查。而谢XX被当替死鬼，被公安部门通缉，常年在外省躲藏，由游XX和朱X等人提供资金支持。不让他们回来。据说当时叫他们走的时候每人给了十万块钱。而真正的罪魁祸首游XX、朱X却拿着人民的几百万逍遥法外。这本不是和谐社会应该有的现象。希望政府部门重视。否则法将不法，国将不国。地方官方一手遮天，山高皇帝远。我深爱这个国家，深爱这个民族，我心所以会痛啊。呼吁有关部门，打击这帮无法无天为了私利的盗木者，将他们绳之于法，使我们现存的绿色家园不再被毁!这事情已经过去几年了，当地农民也是投诉无门，只能吃哑巴亏了，在那个靠山吃山的村庄，没有山的村民纷纷向下游迁徙，现在的茶坪村已经空无一人，以前多美丽的村庄，如今成了这样，不得不叫人寒心。
3618408,1,尊敬的省委书记：你好！我是江西省吉安市吉水县螺田镇沙吊村的农民，关于吉水县办煤矿在我村已经开采十多年了，造成我村民的房屋、农田和责任山的倒塌很多很多，我们农民到县里反映多年，县里根本不重视我们农民的苦，我希望省委书记能见到我的留言，帮我们农民解决这个煤矿的一切突发事件，现在这个煤矿又县里承包给个人去了，承包老板还说他们的关系不怕我们农民去告他，希望省委能特派人员到我村来看我村民的现实情况，谢谢书记！礼！2011.8.1
3618410,1,苏书记您好！我们是江西省九江市庐山区慧龙新城路北小区150户居民，2007年我们按揭买的住宅房，购房前原本有一条双向通行的铁道，2009年4月因又修建城际列车从小区内横架了两条高铁轨道，轨道离住宅房距离不足10米，占用了小区大部分绿化面积，当初开工修建时，庐山区政府承诺：“1、通车后即便办理占用面积补偿事宜；2、恢复小区内绿化，且恢复程度会比以前更好”还签订有协议书，为支持、响应国家建设，居民接受了政府部门提出的方案，可时至今日通车已近一年了，不见政府有兑现诺言的迹象。现在的小区内环境是一片废墟、但见晴天灰尘弥漫、雨天泥水漫流、加之列车来回穿梭的噪音，百姓苦不堪言，多次找过区政府、九江市相关部门，都是一拖再拖，官腔套话，就是不见结果。如今我们居民得知了为什么政府部门迟迟没能兑现承诺的原因，就是小区在规划兴建时涉及多起违规现象，包括城市小区规划设计和土地使用批准，存有严重欺骗行为，我们老百姓如今只想有个起码的居住环境。这样久拖下去只能是坏了党的形象伤了人民的心，今后让怎么相信政府的话语和承诺！都说群众利益无小事、构建和谐社会的稳定、维护群众的合法权益、全心全意为民服务的宗旨为什么在下面执行就变味了呢！请苏书记您如能看到这封信后百忙之中能过问一下此事。谢谢！
3618411,1,我是赣州寻乌县水源乡径口村村民，我们这里上游有人非法开采稀土。搞的我们下游水受到严重污染，我们多次向我们县一级部门反映。而他们来啦只是做个样子，没有阻止他们开采。而现在我们下游果园也受到严重污染，希望你们看到能管管
3618412,1,苏书记你好；我是江西省上饶市铅山县河口镇虞家村烈桥村小组村民，我有一事向书记反映，我们县里把我们的良田征用了，卖给开发商，但他们说是建设用地，土管部门又没有让我们听证又没有公告，就是按老规矩办，量完我们的田就按三万七千六百一亩算就是，又没有给我们说补偿是多少安置是多少，就是什么都在内，更别说以后生活的保障了，买社保都是在这三万七千六百里面的，我们卖田的钱买我一个人的社保都不够，社保还要到我们六十岁以后才有的吃呢，那我们目前吃什么呢，更何况我们现在有父母和子女要抚养，本来我就是有一个人的田，都不到0.3亩老婆和子女都没有田的，以前我一个人吃还可以，现在加了人但田仍然没有加，何况现在政府要把我们仅有的一点田都征用了，我们农民靠的就是这点田生存，何况现在国家对我们农民的政策很好，不但不要我们农民交公用粮，还给我们农民补贴，下面的政府就知道把我们农民的良田征去搞开发，给我们的补偿安置就那么一点点，你们有没有看过村书记和村主任上任三四年就有私人小轿车，我们农民就可以不用吃了吗，希望有关部门给我们农民做主，让我们农民能够享有国家的政策。
3618414,1,尊敬的领导您好：我是江西省，九江市，湖口县，凰村乡，花园村的一位普通不再普通的村民，听说危房改造国家还可以补贴10000元，虽然我不知道有这个优惠政策，我在今年的5月号拆危房重建，在建的过程当中凰村乡政府不让我们在自己的老宅上建，要建就的罚款，没办法我一个普通的老百姓无奈只得交了3000元，房子做到一半说又不能建，又要罚2000千经过讨价还价最后罚了800走人。我不知道国家是什么政策，还是当地的政府腐败。希望尊敬的领导给我们老百姓一个安稳的日子。谢谢。
3618415,1,尊敬的省委书记：您好！我是江西省九江县狮子镇龙岗村16组的一普通农民，近日九江县双瑞路改造工程征收，以每亩补偿30300元和600元的青苗费，征收了我一家四口赖以生存的仅有的0.93亩田地，我夫妻都是在家务农，经济也很拮据，根本无法实行征收田地后农村养老保险补交政策。因为这次征收只是片区性，所以没有极大的优惠补偿于民，像我家这种情况仅有的田地全部征收也是屈指可数的，乡村领导也是鱼目混珠，不为民设想不给民保障，我向村支部申请农村最低生活保障，被村领导一口回绝还声称给我低保大门封死。此时我真的觉得生活无望，万般无奈的情况下，诚恳求书记作为老百姓的父母官在日理万机百忙中，抽取点时间为老百姓主持公道，让我燃起生活的希望，能给我一家四口最低的生活保障！谢谢！！
3618420,1,苏书记你好；我是江西省上饶市铅山县河口镇虞家村烈桥村小组村民，我有一事向书记反映，我们县里把我们的良田征用了，卖给开发商，但他们说是建设用地，土管部门又没有让我们听证又没有公告，就是按老规矩办，量完我们的田就按三万七千六百一亩算就是，又没有给我们说补偿是多少安置是多少，就是什么都在内，更别说以后生活的保障了，买社保都是在这三万七千六百里面的，我们卖田的钱买我一个人的社保都不够，社保还要到我们六十岁以后才有的吃呢，那我们目前吃什么呢，更何况我们现在有父母和子女要抚养，本来我就是有一个人的田，都不到0.3亩老婆和子女都没有田的，以前我一个人吃还可以，现在加了人但田仍然没有加，何况现在政府要把我们仅有的一点田都征用了，我们农民靠的就是这点田生存，何况现在国家对我们农民的政策很好，不但不要我们农民交公用粮，还给我们农民粮食补贴，下面的政府就知道把我们农民的良田征去搞开发，给我们的补偿安置就那么一点点，你们有没有看过村书记和村主任上任三四年就有私人小轿车，我们农民就可以不用吃了吗，希望苏书记和有关部门给我们农民做主，让我们农民能够享有国家的政策。
3618421,1,江西省于都县是百万人口大县，公办小学平均每个班级都有80来号人，而私立小学却生源不足。于都公办中学也仅有两所，一中为高中教学二中为初中教学，因此一些进入中学的孩子基本被民办了。为达到小学生也被民办化目的于都教育局设置障碍规定2011年新入学新生有户口没准生证没出生证也不得在公立学校报名入学。我今天认真的阅读了一下我国的《教育法》，《教育法》并没有条款这样规定。因此，我觉得于都县政府教育部门是在违反国家法律规定，并且非法设置障碍剥夺孩子们的义务教育权。
3618423,1,"书记您好,我是一名下岗职工，现在单位在改制把我们这么多职工解除劳动合同关系又不给失业救济金，生活费也没有，现在子女要读书却没有钱，现我把职工身份置换协议发给您看；B协议：一．乙方自愿进行职工身份置换，并与甲方于2011年6月30曰解除劳动合同关系，不在保持乙方原有职工身份。二；经济补偿标准；基数4000元加330元乘以工龄年。三；乙方自愿不领取身份置换补偿金，交由甲方为其代缴后续基本养老保险费，代缴具体事宜，甲，乙双方另签订基本养老保险费代缴补充协议予以明确。四；甲乙双方的债权，债务经大茅山集团有限责任公司改制领导小组审核批准后另行结清。补充协议一；乙方与原企业解除劳动关系之后，自愿不领取一次安置补偿金，乙方的后续基本养老保险费由甲方按灵活就业人员缴交办法代乙方连续缴交至其法定退休年龄止，不足部分由甲方负责缴交，乙方个人不在交纳。二；乙方按灵活就业人员参保，缴费基数与在职职工缴费基数相同，其今后退休的养老金待遇与在职职工养老金待遇一致。三；本补充协议是[职工身份置换协议B]分割的一部分，具有同等法律协议。但签此协议是被迫的，望书记给予解决！！！！！！"
3618427,1,市委书记你好！在信丰的各个乡镇都有很多的黑网吧和游戏机室，而且都是明目张胆的开，都是一些学生在沉迷网络和游戏，地方政府和县里都不闻不问，希望你们省委政府能派人来调查治理！在此我代表百姓的子女谢谢你！
3618433,1,尊敬的书记省长您好！国家不是早就实施了九年义务教育吗？我们余干太腐败啊？像别的城市九年义务教育的学费，每学期只要十几元学费，我是余干的老百姓，像我们余干黄金埠“一年级到初中”还要“一百多元到几百元”不等的学费？每学期收了学费还不打收条？每个学期上下年海的交五十元不等保险？这是叫国家实施的九年义务教育吗？暑假又快到了？每年到暑假小学三年级到初中还要实施补课？补课收钱还不写收条？这叫什么？每个暑假补课还的叫一百元到几百元不等？你们上级领导可以到我们那里“明查暗访”问问我们那里的老百姓和学生？每个学期到报名的时候去我们那里“明查暗访”吧？请你们上级领导查查这些都到那里去了？这样我们那里的老百姓负担太重了？？
3618436,1,现在还有烂泥路，要怎么才能发展？俗话说得好：有好路才能发展，没好路的话就连发展的入口都没有，没路口谁又知道里面有什么，谁又会去投资呢？就在江西省宜春市袁州区芦村镇韩塘村上电---奉公组的这一段路，简直就是民国时期的，不!在我看来比民国时期的还不如呢!请看到后，马上会复！只有对网站的信息回复后才能把这个网站办得越来越好啊!只有这样，人们才会关注这个网站纳!您才能跟加的了解个个地方的民情纳！我希望您能真真正正的去调查和管理大家修去此路!
3618448,1,尊敬的书记.你好：我是上饶横峰县龙门乡的农民，前提是我没有违法，都是买别人的旧地基造的，04年的建的房屋到目前还没有拿到土地使用证，也就是农村所说的地基表，他们一直拖，请问这是什么原因？
3618449,1,"苏书记:我是分宜一中的初二学生家长,5月29日参加家长会时,班主任通知我们交290元星期六补课费,平时还收了200多元其它费用,从初一到现在,每个学期都补课收费.义务教育不能补考,更不能有偿补课,但分宜一中无视法律法规,请苏书记明察."
3618450,1,江西省抚州市黎川县折迁办某些人员，对县城下马路改造折迁，肆意破坏政府公信力，在2011年3月底下发了和张贴一份关于折迁补偿方案，仅一个月又下发了一份折迁方案，歪曲和篡改某群众意见，并以某群众意见为政策依据，不听取广大群众意见，随意推翻前一个折迁补偿方案，任意降低赔偿标准，歪曲和篡改房改政策，严重破坏党的政策和政府公信力，人为制造矛盾，激发群众之间矛盾，激发事端，惟恐天下不乱，使政府棚户区改造，旧城改造，保障性用户等惠民政策和项目不能顺利进行。其危害在于：一、以政府折迁部门下发的折迁补偿方案，朝令夕改，肆意破坏政府公信力，制造群众与党和政府之间矛盾，激发事端。二、以某群众意见为政策依据，不听取广大群众意见，随意推翻前一个折迁补偿方案，任意降低赔偿标准，更不能歪曲和篡改某群众意见，制造群众之间矛盾，激发事端，惟恐天下不乱。三、歪曲和篡改房改政策，房改房是党和政府给广大职工的惠民政策，房改房属私人房产是党和囯家政策。黎川县折迁办某人员，以某群众意见为借口，说房改房不属私人房产，人为制造矛盾和问题，以言代法。四、黎川县折迁办某男，既不深入广大折迁户，宣传党和国家政策，听取群众意见，摆祖师爷架式，态度粗暴，以势压人，欲所欲为，党和政府的威信就败在他的手上，更危险的肆意制造群众与党和政府之间的矛盾。
3618453,1,我们国家有反贪污贿赂局、有检察院、现在又设了个什么反贪腐局？重复设置机构不说，还浪费过家资源，我们老百姓真想不通，贪腐还是无处不在！！！我们江西能否走在全国前面，将反贪机构合并，增加群众监督力度，具体办法要看贪腐发生在哪一领域而专门制定。
3618454,1,苏书记：您好，在您百忙之中，打扰您，请见谅。我是樟树市刘公庙镇雌溪村委肖家村民，我想反映的是我们村对林业改革的做法问题。我村书记肖美儿欺下瞒上，给每家都发了一本林业改革后的山地划分使用证。他开会要求我们这样说：“如果上面来查就说已经按村民的意愿分了山。”，但实际上没有分山。我们想如果能把山分下来，就好自己谋求发展，可是肖美儿却把山留着自己用，经常把树砍了拿去卖。希望苏书记您能把这个事情叫相关部门去处理一下吗？再这里先谢谢您了！
3618458,1,尊敬的苏书记：您好！我是江西省景德镇市昌江区丽阳乡丰田大队福建村民，我举报景德镇市昌江区丽阳乡丰田村委会强行征用农民承包责任田，其违法事项有如下：一，村委会无理的扣压了我家土地承包经营权证。二，采用暴力威胁强占，单方面强行要求征用农民的承包责任田，不发放征地补偿，以次田换好田和伪造征地协议。三，用强行征用来的土地盖村委会的办公大楼和商业店面，建此办公大楼也未召开村民会议。因丰田村委会违反了《中华人民共和国农村土地承包法》，采用野蛮的暴力强行征用，以次换好、以远田换近田，不便于耕种，多次向乡政府领导反映，但未得到解决，恳请苏书记您能安排人员进行明查，以求对此地恢复耕种，谢谢
3618459,1,我是江西新干县城上乡人，我想反映的是我们乡里计划生育的暴力问题。去年人口普查的时候我们村有32个超生户，没有交清钱的都没有上到户口。过年的时候乡里面20多个人拿着铁锤铁棍浩浩荡荡到超生户家里去闹。实在交不出钱的，就打人家房子，打家具。般人家电视，最可恨的是把人家烧饭的锅又打了，弄的家里都过不了年。乡长还说你们尽管去告我，我敢打你的东西就不怕你告我。今年5月多的时候乡里的人又天天打电话来叫我老婆回去做绝育手术，说这个星期不回去就打房子，我们在浙江务工加上我老婆身体又不好实在没有办法回去。希望有关部门好好管管，谢谢！
3618471,1,尊敬的苏书记，您好：我是江西省贵溪市擂鼓岭小区的一名业主，特在这向你反映一件事：这儿有条麻将街，十多个店面全是麻将馆，一天到晚打麻将的人络绎不绝。那些店主为了抢麻友顾客而时不时的争吵不休，那些打麻将的赌客也常因各事吵闹不休。那条街都停满了车子，又严重影响了交通，而且有那么几个麻将馆常打个通宵，严重影响到附件居民的休息。此事也通过本地的民生通道向上级部门反映过，但就是没人管理。希望在领导的关心下能得到治理而让我们附件居民得到安宁的生活环境。谢谢。
3618474,1,儿子已经毕业五年了，原来一至在外地打工，后来因为我们年龄大了，就想着要儿子回到南昌工作，但回到南昌后儿子工作就业遇难到很多因难，可我们江西讲究人际关系网，没有背景的人很难找到自己可恰的工作，招聘单位条件都是为自已利害的关系人规定的，招聘单位的名额都是为自己，就是符合条件，在报名时就会被无理拒绝，这已经不是一次了，我做过很多次，做过一些调查都是实实在在的，我不知道路领导能不能看到这一条，抱着试试看，现在考公务员都要求本科以上，这是给大家一个公平的机会吗，平等吗?
3618477,1,"我是信丰县一个高三学生的家长,家住信丰县城,今年6月7、8日两天，小孩就要参加高考了。这是决定小孩一生的未来。家长都希望有一个好的生活、考试环境。我家周围有两个歌厅，每天晚上唱到1点钟，歌厅的窗户又不关，走调的声音传出来，实在烦人，让人睡不着。影响小孩的学习，以前也反映到县长信箱里，可是没有什么效果，让我忍到现在。今天为了小孩的未来，我不得不向人民网反映，相信你们的监督有效。请这些歌厅在6月6、7、8日这3天不要营业。给考生一个好的环境。也算是积了一点德，为考生做了一点贡献。时间紧，请你们赶快监督吧！"
3618482,1,昨天路过南昌市第二人民医院时看到有人打着各种白色横幅在医院门口聚众闹事，不仅严重影响了医院正常的工作秩序，也严重影响了交通及南昌仍至江西的公众形象。我们的立法部门是否应当就此类事件制定出相应的法律？司法部门是否应当及时地加以制止？打扰了。
3618489,1,江西省委苏荣书记你好：每次看到南昌市进贤县县城的卫生及乱建和乱搭问题，总是想起老上海和垃圾城市（印度）这种称呼，10年前的进贤和现在的进贤没有多大的进步，让人有种来了就想走的想法，大风一吹、垃圾满天飞。我有个小建议，以下建议内容：一、卫生1、所有的行政、事业及想关单位，实行单位自已负责自已周边环境卫生，定期进行查检，查检不合格的可以进行一定力度的罚款，列入年度目标考核，同时相互监督和进行电话举报（市政管理公开举报电话：*******）。2、对于街道，实行门前三包，店面到街边（包含绿化地段）由店面负责。人行道上的垃圾多数都是店内带出和过往行人丢弃的，要做到不脏不乱，交通工具摆放整齐，定期进行查检，查检不合格的可以进行一定力度的罚款。同时相互监督，可进行电话举报（市政管理公开举报电话：*******）。3、公共场所及街道由所属环卫工人负责，定期进行查检。列入年度目标考核，同时相互监督，可进行电话举报（市政管理公开举报电话：*******）。4、独栋住宿及小区卫生由环卫工人及物业管理负责，同时相互监督，查检不合格进行一定力度的罚款，可进行电话举报（市政管理公开举报电话：*******）。5、实现城外垃圾不进城，城内垃圾不乱倒。对全县派发宣传单，让全县每个市民既是实行者又是监督者，二、乱建乱搭乱建乱搭占用公共场所和消防通道。有的住户和商铺商家为了增加住宿和营业面积私建私搭，有的还在绿化地带养鸡养鸭。1、对县城内所有不合法的乱建乱搭进行强制性拆除。还市民一个合理的生存空间。同时相互监督，不合格的进行一定力度的罚款，可进行电话举报（城建管理局公开举报电话：*******）。2、对全县绿化带进行补救和补植。希望省委省政府及相关单位给我们一个新的生存环境、还鱼米之乡的美誉。
3618495,1,我是东华理工大学长江学院05级学生，陶裕虎。我09年12月份响应国家号召做为毕业的大学生入伍。按国家规定，国家对服义务兵役的毕业生每学年补偿学费或代偿国家助学贷款本息的金额，最高不超过6000元；毕业生在校期间每学年实际缴纳的学费或获得的国家助学贷款本息高于6000元的，按照每年6000元的金额实行补偿或者代偿；高校毕业生在校学习期间每年实际缴纳的学费或获得的国家助学贷款本息低于6000元的，按照学费和国家助学贷款本息两者就高的原则，实行补偿或代偿。可是我每年的6000元补偿一直没有发。请书苏记百忙之中关注一下。
3618497,1,苏荣书记：您好！我是临川区林业局的一个工人，我说的是这次改制安置补偿标准。现林业局给每个工人安置补偿费。前十年工龄五百元后面工龄三百元买断工龄。我们林业局有山有林又没有破产。我们在职的职工工资平均在一千元以上。在改制职工会议上。我们要求安劳动法改制没得答复，改制领导说标准安上级指示办理的。我们想知道在2010改制补偿是什么标准。一个困难职工的心声。(一个困难工人的心声)
3618499,1,尊敬的苏荣书记：您好！有个向赣州市王平市长反映过多次至今没解决，希望您能过问一下使问题得到解决：南康市章惠渠水电站2007年7月份前拖欠职工工资人均在万元左右至今未补发一分钱。2010年电站发电量720多万度（自建电站以来年发电量一般是五百万度左右），是建电站有史以来发电量排第三，平均出售单位电价为0.4元/度左右；另外电站有众多场房场地出租。电站的总收入在三百万元以上。现有上班在职人员为43人，每月发放工资人均不足一千六百元（本人三十多年工龄月工资一千四百元，加上夜班费和其他补贴，每月能领到手的工资总计一千七百元），完全有能力补发职工部分拖欠工资。以此让电站国有资产变形进入某些人腰包，还不如把我们电站拍卖呢？
3618503,1,苏书记您好！我现向您反映一起宜春市上高县一局退休干部利用关系强占农村山林的事情。该退休干部趁农村正在进行林权改革之际，利用关系从上高县新界埠乡端溪邹家村----其祖籍地（其父于1943年迁移外地，那时他尚未出生）得到一农村山林近五十亩，村民认为侵犯了本村村民的利益，上访将情况反映至村，乡，县各级政府主管部门，却一直不见任何音讯，现将情况反映给书记您，希望您能给我们这些可怜的农村老表做主，我们给您磕头了！！！！
3618511,1,今年入春以来，乐平地区连续遭遇暴雨天气，市区乐平至涌山路面、乐涌公路三分之二的道路出现了不同程度地破损.翻浆.车一过就污水四溅现象严重，市民出行受到极大影响.这么多道路的翻浆现象，给市民出行带来了不少麻烦。.乐涌公路该工程项目是江西省“十纵十横”干线公路网的第二纵省道S205汪湖至乌石公路的涌山至乐平段，沿线还设有大型水泥厂矿等工业，是景德镇市南部山区的重要煤运交通要道。因遭受年初冰冻灾害，致使该路段路面严重破坏，运营能力明显降低，存在较严重交通安全隐患。导致过往货车频频翻车，希望市政府和主管部门能够重视.这将恢复并提高该路段的公路运营能力和服务水平，降低交通事故，产生良好的社会和经济效益。同时，对发送景德镇公路网现状及加强公路辐射作用具有十分重要的意义...希望省领导能够重视老百姓的出行问题。
3618514,1,江西省委.省政府的领导们。您们好。您们辛苦啦我们江西农民感谢您们。谢谢......我来自江西省余干县江埠乡龟山村一个农民的家庭，对于农民我比较了解和比较清楚因为我是在农村长大的农村青年。今年底又到了选举村干部的时候啦。而在我们的农村可能还是哪些老的腐败的村干部当选因为他们会拉很多很多的票，就像在我的老家龟山村一样，他们哪些老的村干部从来就没有为我们农民做过一件实实在在的事情啊，您们可以去我的家乡看看，了解情况，实地考察可以吗？我涂少华代表村民们谢谢您们.....而我们一些有志的农村青年就是没有这个机会，希望您们有权利的省委.省政府的领导干部给我们一次机会.给我们3年的时间.给我们一个发展的平台可以吗？愿我们可爱的江西越来越美好越来越美丽......13685748702.
3618516,1,尊敬的书记：你好我是黎川县龙安镇宋州村小组村民，在我村村尾两河交界“双港口”处有一采沙船不安规定对我村用地进行开采，这是对我村的水田流失照成严重的危害，我村村民多次反映，但无人过问却了无因信，请书记大人为我们做主啊！！！！！!!!!!!!!!!
3618517,1,我是南昌市南昌县广福镇杨家村的村民，请党和国家领导人为我做主。事情是这样的：2010年我村修路，征用我家田地，到现在一直未予补偿，现在我家门前的道路拓宽，却要我交钱集资，我觉得极不合理。更让我气愤的是，我村村长还把他家的化粪池建在我的宅基地内，造成我无法建房，这不是明显欺负人吗？这样的人怎么能做村长？我找他多次理论，要求拆除化粪池，他不但不理，还殴打我，同时还打砸我家，造成房屋损坏。我相信政府是老百姓的政府，请求政府予以协调解决，公正处理，否则，矛盾激化，两家族械斗一触即发，后果不堪设想。
3618518,1,本人多次向有关部门反映信丰三中七年级有多名学生辍学的问题，但问题都没有解决，信丰三中只是做了一下表面工作，没有做好这项工作，截止2011年3月底七年级还没有一名辍学学生重返校园，这样的工作成果情何以堪？我也知道要全部辍学生重返校园确实很难，但最起码也要大部分重返校园，而现在却没有一个重返校园，这确实悲哀!七年级就有多名学生辍学确实不应该！作为一名普通的人民教师，看到这样的现象确实很心痛，国家已经为义务教育投入了巨资，经费完全能保证全部学生就学，当未成年学生流入社会，必然也会引发很多的社会问题。更深层次的悲哀是学校其实不重视辍学生问题，每次上级要求要做好劝学工作，学校只是应付了事，劝学效果极差。为什么会这样呢？因为上级主管部门看重的只是教学质量，而对辍学问题却并不是非常重视。事实上对于有众多辍学学生的学校应该对校长进行问责，这样一来校长就有积极性去做好这项工作，辍学学生一定会大幅减少！为什么现在免学费都有许多学生要辍学呢？学校其实是负有相当责任的。希望信丰的教育部门要认识到义务教育不是办精英教育，而是要办全民教育，办人民满意教育，事关国家的民生大计，我们没有理由办不好!信丰三中一个城区学校就有这么多学生辍学，那乡镇学校情况岂不是更糟？希望辍学问题引起苏书记的重视，我也会一直监督下去，尽一名人民教师的微薄之力！希望辍学学生重返校园！
3618522,1,书记您好！我是赣州市章贡区沙石镇吉埠村村民，国家征用土地每亩金额补偿是多少？为什么同在一个地区土地每亩金额补偿都不一样？还有，国家征用土地不是有余留地返还吗。为什么我们村没有？难道这些村干部想贪污？国家既然有这个政策给我们老百姓为什么当地政府不给我们？以后我们都是要靠这些余留地吃饭啊！还请书记关注这些问题，我代表村民们谢谢您！
3618526,1,苏书记您好：我们是抚州市临川区上顿渡镇城东村程家山小组村民。我们村有几户村民在没有申请建房，也没有相关部门批准手续下，强制占领集体土地建私房。此土地原是村集体租赁给预制厂的土地，每年有一万元左右的租金收入，能为村民交纳医保金和支付村里的零星开支，给村民减轻负担。而十几天前这几户村民在没有通过全体村民的商议下，把租预制厂的人赶走了，然后趁晚上村民都睡觉的时候，用挖土机挖沟强占土地建私房。之后有村民到村委会和镇政府反映，并且镇政府几次派工作人员到现场协调处理此事，而这几户村民置之不理，继续施工，而且他们的建房面积超标，村民意见很大。为此恳请苏书记速派相关部门人员进行调查处理，我们村全体百姓期待上级的快速答复。
3618527,1,苏荣书记：您好！我来自一个边远的山区农民，九江市彭泽县马当镇利山村一组，在新中国成立以来，我们那里一是没有通电，又不通车路，而是在九十年代末经过群众努力只是通上电当时按电费用十多万，都是群众自掏腰包，没有向国家和正府要一分钱，而现在群众最关心，最需要解决的是一条四公里小山路不能通车，我省前几年就提倡村村通公路（水泥）而我们连一条泥路都没有，给群众生活带来及大的不方便，而我们村书记和村长的家门口政府都能帮他们修上水泥路，难道政府就不能帮我们修一条能通车的泥路吗？我们也有向市长热线和市民声通道反映过都没有得到解决和回复，我在此希望苏荣书记在百忙之中给予解决和调查，我代表全村人民谢谢您！
3618534,1,苏荣同志：你好！从长春来江西陪老父亲在医院已经三年多了。期间本想就老父亲所在单位和医院，未按政策给予正常治疗等有关问题给你留言，考虑到一个省委书记工作的繁忙，还是先同省市有关主管部门反映沟通，目前已基本解决了医疗保障问题。今天不得不留言，是为一个8岁的小病友。这位小朋友是江西玉山农村的小孩，患有非常严重的先天性心脏病，曾前往上海医院治疗，但因无法承担七八万的手术费，不得不放弃手术治疗，目前这位小朋友病情非常严重。据我知道当前全国很多省都启动了，免费为白血病，先天心脏病儿童治疗的民生工程，不知江西是否也已开展了这项工作。此次留言的目的就是希望您能在百忙之中，让您的秘书或其他同志关注一下这位孩子的治疗。目前该患儿在江西上饶凤凰医院进行保守抢救治疗。急！急！急！白城老乡
3618536,1,书记您好！江西作为林改的试点省份之一，可我们村（江西宜丰县秀溪村）却一直没有进行林权改革。许多年前的退耕还林，我们村报了几百亩土地，载上去的树却没人管理，致使田地荒废，且这些田都是好田，当时那些村官当时就是为了捞钱，所以才以好充次，报退耕还林。如今树没栽树好拿着国家退耕还林和粮食补贴双份的钱，还有发到农民手里的粮食补贴，一亩田可能只能拿到六分田的补贴，这都是以前为了逃税少报田数的结果。这些钱的去处却从来不公开（村务不公开）。陶姓家人捐的款修陶渊明祠堂却成了半拉子工程。村小学建的新楼一天也没用过。这些都让一个普通的村民感到心寒。村里的村长、书记十几年没变，因为村民知道选了也是白选。希望上级部门查清事实，还大家一个公道。
3618544,1,尊敬的苏书记：我是永丰县一名工作了20多年的乡镇卫生院的普通医生，鲁迅写过小说《呐喊》，今天，我也要为江西省永丰县乡镇卫生院500多位医务人员呐喊一次。去年我们县实行医改后，我们乡镇卫生院药品零差价，我们的工资实行全额财政拨款，我们永丰县乡镇卫生院每个医务人员的2010年全年的阳光津贴和物价补贴12000多元全被县卫生局扣了。我们只是领取基本工资。我们全县乡镇卫生院500多位医务人员感到极大愤慨和不满！！我们也要养家糊口！！我们无偿为农民看病，可是该得的合法报酬却被卫生局截用了，我们通过网络反映了多次，却一直没有得到解决。中央实行医改本来是解决看病难，看病贵的民生问题。可是，到了基层，医改资金被挪用，医务人员的工资报酬得不到保障，他们的积极性受到极大打击，看病难的问题还是没有解决。
3618546,1,苏书记您好，我是一名来自偏远山区的孩子，江西省吉安市泰和县南溪乡上垅村委会周家院村小组，几年前就倡导村村通公路，可我们到现在连一条能通车的泥路都没有，可怜的是小孩上学，天睛下雨都要走二公里的泥巴小路去，长辈们都是心痛啦…望书记矛以调查解决！代表全村民感谢您了…
3618550,1,南昌县小兰乡邓埠村小学外来人员子女就读必须每学期交纳600元借读费，一年1200元。向南昌县教育局反映他们竞然说叫家长作证，查实学生退学。学校退款！这样的处理还有谁会作证，请苏书记为我们农民工作主
3618554,1,我们万安县城的网吧一到星期六和星期天成了小孩子的天堂，里面全是些学生上网。网吧老板为了钱，什么也不管。我们报110，他们说不是他们管，要我们打网管电话。网管也没人理。网吧成了毒害青少年的场所。希望你替我们管一下。我反映到吉安政府网站也还是没有用。我作为一名父母亲求求你了。
3618558,1,江西企业体制改革中社区移交地方已完成？疑问：江西省高安市瑞州医院隶属新余矿业公司，划分为社区管理，可是在此次社区移交地方行动中并没有真正移交，而且据调查高安所有矿医院都没有移交地方，难道国企改革中社区移交就是玩玩障眼法？请给大家一个交代，谢谢！
3618559,1,要加强对南昌环境的监督。对于老城区内小商小贩非法街边摆摊应该要有打击的力度。这让外来人员的印象值大大降低。也使居民的住宅环境受到影响。
3618561,1,苏书记，本人不才，在拜访忘年交——印尼国电总裁余世甘先生时，受您的老朋友熊德龙先生所托向您致以诚挚问候。当下，印尼资源的重要性已经被我国各省所重视，洽谈资源与工程合作成为双边交往的重要内容。学生不才，愿意为江西省的经济发展与外交贡献余生精力与才智！
3618565,1,"“一大四小”劳民伤财苏书记:您好!我是江西人,特向您领导讲讲我们基层老百姓的心里话,这些年来,您在江西力推”一大四小”工程,你可能也看到了,在国道\高速公路等两旁到处都种满了树,看起来挺好的,但实际上您是好心办了错事呀?江西不同于北方,北方风沙较大,在公路两旁需种植防护林,每一个江西人都知道,江西耕地较少,山多树多水清是省情，只要不是人为破坏，好多地方它是自己会长出树来的，然您这几年一直推行“一大四小”工程，在国道、高速公路等道路两边种植树苗。我觉得不妥之处有三：一是占用了大量的农田，试想一个省都来搞这些形象工程，得破坏多少田呀？尤其对江西本来耕地就少的省份,实在是不妥;二是增加地方财政负担,这些年来,各级政府为了完成您老人家的指示,拼命种树,一时间树苗价格猛涨,兄弟省市却捡了一个大便宜,卖树苗给我们江西,有的树从外省购置,在运输途中有的树就死了,有时为了应付上级验收,一块地树需种上好几次,大大增加了当地财政的负担,据不完全统计,每个县每年花在”一大四小”工程上的钱均在一千万元以上,试想目前我省的财政基本是还是吃饭财政,每个县却为了应付您推行的”一大四小”工程需拿出一大笔费用,而且是实打实的拿出来,对一个地方来讲应该是一个很重的负担;三是让老百姓觉得江西有您这样的领导江西肯定要落伍.记得有一次在高校听课,有一个教授曾给我们讲了一个很生动的比喻,他讲一只羊领导的一群狮子被一只狮子领导的一群羊打败了,而且讲到我们江西的发展时很忧心忡忡,他讲的这只羊实则指的是您老人家，您在省委书记这个位置上可能听不到下面基层的真话，我今天在网上看到这人窗口，觉得还是向您讲讲我们基层的实话，在《皇帝的新装》中只有小孩子说出“Hehasnothingon”这句实话,我觉得向您反映实情有必要,所以多说了几句,不知对不对,但我总觉得,一个领导,尤其是决策层,当制定一项政策的时候一定要切合实际,对江西当前而言,目前应该搞工业化推进城市化,发展才是硬道理,一味地搞”一大四小”工程不切合江西省情,对子孙后代有害无利!>"
3618566,1,苏书记：您好！我是上饶市横峰县莲荷乡杨家村港沿小组的农民，2010年间，信江河桥梁工程，本来我们那有两个度口，就要建两座桥的，可现在只建了一座，而建桥占用农田有10多亩，为什么没有跟农民商量就强行施工，最后补助才3000元一亩还让不让我们吃饭啊？让不让农民活啊？这是什么社会，什么农民当家作主，什么科学发展。把胡主席的话当成什么了，还是党员做的事吗？苏书记，为什么我们地方越穷，地方官越腐败呢？按照国家的政策，占用农田，每亩要补助多少呢？苏书记，您一定要为我们做主啊
3618569,1,苏书记：您好!我是一位普通的司机，我想向您反映下我们萍乡的车辆年检的问题，我前几天去车辆年检，按我们正常程序只要七十五元钱（车辆没问题），可我按正常程序没过关，只好找代办的人，我车子没去搞修理（同一辆车）他就过关了但发了我三佰。但我看见有些车子，从外表上看都不能过关，也过了，这样对交通车辆是不安全的，我觉得要管理下了。谢谢！
3618572,1,苏书记您好，我是一名子弟兵，来自偏远山区，遂川县禾源镇严塘村塘堡组，几年前就倡导村村通公路，上面拨了一百多万修路，到现在都还欠款三十几万，可我们那都还是泥路，可怜的是小孩上学，天睛下雨都要走二公里的泥路去，长辈们都是心痛啦…望书记矛以调查解决！代表全组村民感谢您了…
3618577,1,我自2000年高考后患严重疾病，有医院病残证明，生活，治病无来源，完全达到低保条件，二年前2008年12月向民政局申请低保，字泪句血！因无门路却无人问津，许多比我条件好很多之人因有门路都早得到低保，请派员调查其中内幕，恳求给我低保，救我一命！
3618578,1,尊敬的江西省苏书记您好：感谢您对江西的人们关怀和帮助困难，现在我反应个问题，如今我上饶市石师乡王家坝镇谢家村出现职权腐败问题，虽经济建设这几年做得不错，但腐败现象也严重，我村镇在农田和山地被征用，没手续批文就开始压迫百姓，并且给费用分配不均匀，出现了几次高中低去给到村民，是历来少见出现的现象，被我村干部做出来赶上了，还政府给个别百姓来包干承包说解决能完成，让政府给大笔钱，压迫百姓就遭殃补偿更不平均，到现在2/3的分到钱，1/3的并没拿到，希望严调查，在百忙之中抽时间出来为百姓主持，谢谢！
3618579,1,举报信尊敬的各级领导：我们是江西省于都县贡江镇水南村的村民，为维护法律法规的神圣尊严，保护我们农民的合法权益，确保农村耕地不容毁坏。今天，我们通过网络方式就我们于都县人民政府对抗中央、国务院有关保护耕地的规定；违法违纪，一手遮天，以建设新城区为名，大肆违法在我村7个村小组，乱征农田，山林近2000亩，剥夺农民的合法经营权，不经农民同意，贿赂村小组长一人签订征地协议违法强行征地的事件向中央举报，要求高度重视，查证处理。二00八年至二0一0年，于都县人民政府县长等，不执行党中央、国务院三令五申的有关保护耕地的政策规定，和中央确定的18亿亩红线耕地的决策，为了自己的政绩和私利，不顾中央规定和广大农民的利益，瞎指挥，乱决策，强行以建设于都贡江新区为名，在我村上坝、新园、茶园、红联、黄泥塘、中坝、东坑等7个组，欺骗省政府、省国土资源部，大肆违法非法征用耕地和山林近2000多亩，造成大面积耕地毁坏。县政府在还没用地指标的情况下，采取先斩后奏的错误做法，在没有党中央、省政府用地批文时，就把工程总指挥部以及征地办公室驻进我村挂牌办公，由于县政府的错误安排，使整个征地过程民愤极大，存在以下违法违纪以权谋私，贪污受贿等严重问题
3618583,1,新建县石岗镇上坪河头村一定要好好查查啊，不能让他们乱来啊，现在弄的环境明显差了，河水越来越脏！河边的土地也被他们越打越小，经常淹死人，好好管管啊，这些人为了自己的利益什么都不故，而且是强行非法开采
3618588,1,苏荣书记：您好！龚六生，丰城市曲江镇望城村人。因开发，本人家庭的责任田地被有偿征用，但一直未得到补偿款，几次找村镇两级，都说有这个补偿款，但互相推诿，同时农业补贴自有以来一直未得到，失地后有何政策也没有明确答复。本家庭成员常年在外面务工，所以土地补偿款和种田补贴一直分文未得到，请给予解决为感！村委书记说这些款项发给自然村望城村去了，但本人却至今分文未得到。丰城市曲江镇望城村人龚六生
3618589,1,龚六生，丰城市曲江镇望城村人。因城区开发，本人家庭责任田地被有偿征用，但一直未得到补偿款，几次找镇村两级，都说有这个补偿款，但互相推诿。同时农业补贴自有以来一直未得到，失地后有何政策也没有明确答复。本家庭成员常年在外面务工，所以土地补偿款和种田补贴一直分文未得到，请给予解决为感。！村委书记说这些补偿款已分给自然村去了，但本人一直未得到这个补偿款。丰城市曲江镇望城村人龚六生
3618590,1,天诚房地产在前进路147号开发鑫隍城二期工程，按照规划图，必须提供社区办公用房160平方，然而如今开发商已经开发完毕，我们也多次与市规划局联系，规划局领导答应我们会督促开发商提供社区办公用房，不然不会为开发商提供验收证，然而如今开发商商品房也已在售，还建房也已安置，唯独对社区的办公用房一再拖延，（原规划图上的社区办公用房早就被开发商另作他用）谁能管管如此黑心的开发商，肯请各位领导帮帮我们社区，维持正义！
3618599,1,"尊敬的省委书记:您好!我们是江西省靖安县地方国有企业下岗职工，参加工作10~29年,一未发三年下岗费二未得劳动法规定的补偿金三未得（国发1997）10号下岗职工安置费四未享受医保五未得优惠政策六未得失业保险金、最后老无所养老无所靠,我们上有80岁父母，下有未成家的儿女苦不堪言,.我们有的58岁，打工无人接纳，父母怎样生存,儿女怎样成家,物资涨价，下岗职工叫苦连天，谁人来管？我们有的同年同月生，同一个集团，同一天参加工作不能同时退休。我们有的父母家在农村80余岁。每月生活费40来元，无法生存，，我们在无奈的情况下请您主持公道."
3618601,1,市政府采纳捐献领先世界科技交通解决南昌部分交通拥堵我市近两年来城市道路交通改造与夺宽，对城市交通拥堵没有根本性的好转。拥堵问题反而越来越明显，对我市交通有关执能部门要很好的反思一下。一二个夺宽道路就能解决拥堵问题，世界上早就解决拥堵可必弄的劳命丧财，浪费纳税人的钱财被群众指责。我市又要新启动落后时代发展的交通工程，走北京、上海、广东等城市交通的老路，建高架桥道路、在谋些交叉路口上建人行天桥等工程，到头来浪费钱财照样拥堵严重。本着对党和人民城市交通发展负责的态度，求真务实与时俱进科学发展，向科技交通要效益求发展。市政府应该采纳使用发明人捐献市政府的科技交通国家专利成果，打造南昌一条无红绿灯无堵车道路的专项工程。车辆从老福山下立交双向车辆可直行驶八一大道阳明路上八一桥立交，在原有道路上行驶，包括这两条道路上交叉路口，车辆同时完成32个行车路线和行人自行车行驶车人分流的世界性难题。还有省电视台都市频道问珍南昌交通，彭家桥立交上下拥堵，改造成互通立交工程在内的捐献科技交通使用权。提高我市的科技交通领先世界，走向全国领跑全球。提高江西省会南昌在世界的知名度，展现江西南昌科技交通促进经济发展以交流。当今世界面临堵车已有60多年的历史，抓住良好机遇面对现实的世界城市交通堵车问题，启动捐献科技交通工程运用该路段解决拥堵，不应该打压发明人科技交通成果捐献的发挥。科技兴国强国个人科技成果，应该是国家和我省市科学发展中的一部分组成人人有责。先解决我市这些道路堵车问题，辐射全国引领世界做科技交通创新发展的领君人。我省市政协代表2年期间提出见意，解决省会南昌交通拥堵，为我市交通节能减排环保节约增效，在全国以及世界带了个科学先例，也是政府领导执政为国为民的责任，应引起市领导对省会南昌城市交通发展的重视。我们在做世界上几代专家学者专业人员和政府在内，想做而没有做成的伟大光荣的科技交通事业。在我们省会南昌原有道路上，改造升级成功完成解决世界性重大堵车难题的先例。江西南昌发明人:涂细跨联系电话:0791-2981846邮址：DALANG9887@163.comDALANG9887@sina.COm
3618606,1,"我们是江西省靖安县地方国有企业下岗职工，参加工作10~29年,一未发三年下岗费二未得劳动法规定的补偿金三未得（国发1997）10号下岗职工安置费四未享受医保五未得优惠政策六未得失业保险金、最后老无所养老无所靠,我们上有80岁父母，下有未成家的儿女苦不堪言,.我们有的58岁，打工无人接纳，父母怎样生存,儿女怎样成家,物资涨价，下岗职工叫苦连天，谁人来管？我们有的同年同月生，同一个集团，同一天参加工作不能同时退休。我们有的父母家在农村80余岁。每月生活费40来元，父母有病在南昌附属医院门诊抢救用去数万元无发票可报，我们在无奈的情况下请您主持公道."
3618608,1,苏书记您好！我现住九江开发区原水泥船厂宿舍区去年7月份九江市修建滨江路，修路本是利民好事，（我现住的房子并不在拆迁范围之内，而且并不妨碍工程施工），可是开发区管委会拆迁办联合拆迁公司，偏偏要拆我们的房子，这是为什么，难道说拆迁背后有什么利益链？
3618614,1,"尊敬的苏书记您好!上饶横峰县铺前煤矿三工区。我父亲是个煤矿工人,自04年我父亲就患了一种肺病(职业病),二级,请问下国家有给患有职业病的工人补贴的吗???我父亲就要退休了。听说是有这种法律规定,我想确认下国家有没有这种规定,谢谢书记了!!!"
3618616,1,江西省赣州市会昌县石门村委集体贪污村民征田修路款项！2009腊月12月份连石红狮水泥厂要修公路，因路面加宽路边不少农田要填埋，石门村村委未经村民同意私自与该水泥厂签订协议表示按每亩3万元的标准给予补偿各村民。如今农田被征用了，而修路的补偿款却分文未见。修路的其他村全得到了相应补偿款，唯有石门村村民的农田被修掉后分文未补，找村支书理论后告知本村的农田没有补偿。而红狮水泥厂却很肯定地告诉来反应的村民说，他们早就把各村的补偿款缴给各村委了，分文未少不关他们的事。
3618619,1,集体土地房屋拆迁太不公平，我家在革命老区井冈山龙市镇，2004年我房屋建成的造价已花去20多万，现在拆迁补偿按480元每平方的补偿价计算，才16万元左右，如果按现在的造价要达到800—900元每平方，这样的拆迁价格叫老百姓怎么去承受，希望领导能够解决老百姓实际问题
3618621,1,"尊敬的苏荣书记您好:　　我们是江西上犹电信分公司的职工,二十多年前被招入当时的邮电局工作。邮电分营后我们分配在电信公司上班,后来公司以没有明确告知我们解除劳动关系在我们不知情的情况下，以欺骗的方式与我们在2006年10月签订委托代理电信业务合同,并以这个为理由与我们解除了二十多年的劳动关系。我们合法的权益得不到基本的保障,工作半辈子连一分钱养老金单位也没有缴纳过,没有任何的补偿,到头来还是被工作半辈子的单位欺骗了,青春献给了单位不说现在都四十几岁你叫我下岗也罢了,但你应该给我买养老保险啊,青春献给了你要老有所养。就这方面的情况与领导反映,请你们关注民生关注共产党领导下的国企弱势基层劳动者的权益得以保障。　　1.上犹电信公司没有按《劳动法》的有关规定给予我们补偿和缴纳养老保险等,使我们被迫下岗至今。法院判决我们2006年9月以前的.电信公司也不执行　　2.2006年签订委托代理电信业务合同并没有明确告知和书面通知我们解除了至前的劳动关系而是以签订委托代理电信业务合同的附加条款这种隐瞒欺骗的形式逃避劳动法。　　3.上犹电信公司在我们不知情的情况下私自盗用我们的身份证复印件及伪造委托书代签名的形式非法骗取工商登记注册,这样上犹电信公司就可以顺理成章的规避劳动法,使我们无法彻底与电信公司没有任何法律上的劳动关系。这才是电信公司的唯一目的。很明显电信公司可以以这些作为证据来推翻我们的诉讼请求,也很明显电信公司可以以这些所谓的委托代理电信业务同和非法骗取的工商执照等非法形式来达到电信公司最终目的逃避劳动法。　　在这以人为本,全面构建和谐社会的大好社会形势下,我们的国有特大企业用这种方式来回抱社会,我们以前的生活过得很幸福,不知却被我们苦苦工作二十几年的单位奉献了人生最宝贵的青春的单位如些陷害欺骗,我们不服我们对现实社会失去了生活的信心,我们期待您们支持.为我们主持公道。。谢谢　　此致"
3618623,1,苏书记：您好，我来自吉安市泰和的一个农村，樟树是国家二级保护植物，可是就在快过年时，我们村有两棵有百年历史的樟树被人砍伐，贩卖。虽然后来发现，被砍伐的樟树被扣押，而且林业派出所也介入调查，但贩子利用人际关系，经过地方上的官员同意，才敢有如此举动。只怕这些官员瞒上欺下，最后调查也就大事化小小事化了，不了了之了。如果不加大力度整顿，给涉案违法犯罪的人严厉处理的话，樟树也将危在旦夕了，希望苏书记要加大力度来整好市场啊，请苏书记重视。
3618624,1,书记你好！春节以过，我们江西马上要面临洪水的考验，请你在百忙之中抽点时间为百姓做点实事，你就把桥石、昌邑山、叫矶头晚上都在防洪大堤脚下偷采河沙，我们生活在上面的百姓没有一晚能睡个安稳觉，总担心堤岸下滑，偷沙挖机都是有组织的，都准备在元宵十五全部出动偷沙，我们担心啊！水政部门争只眼闭只眼，只有向你反映！一个百姓的心声
3618625,1,书记您好：请问总不见县级书记回复留言？他们太忙了？我是赣州宁都固厚人，反映三个问题。一：乡村硬化路变成采矿石人的发财路。路被大车压烂了。二：中心小学有二百多住宿学生天天用冷水。校内小卖部生意好得一年可以富。三：新农村建设中给基层领导多一条贪钱的路。谢谢您的查阅！
3618634,1,对于国家对贫困家庭做房有补偿的事！我们这里的政府部门没有效率办事！我是其中一个贫困家庭！2010年4月2日村里干部来我家对我说我家做房有补偿！我很高兴！干部说做好了就补15000元给我！几天后我家开始做房子！做好后叫他们来申请！申报成功！可是我们的政府部门财政部却以部门没钱来说没那么快补贴！几个月我在申报财政部门说要装修好在补贴！我又装修好了！此时我家欠下了好多人的钱！部门给了我家补贴了6500元！但还不够！过了一年了！难道这事过去了吗？国家没给我们财政部钱吗？就给我们补贴6500元吗？
3618636,1,苏书记，您好！有个问题想反映一下，又不知哪里说去，很荣幸能在这里留言。我家是赣州市于都县马安乡的。以往过年的时候我们这里都会停电，现在也不例外。可以往都是定好了时间和次数的，现在却是每天不定时间不定次数不定长短的停，大年30晚还停了一下马上又有了。这给大伙的生活带来不便。就这个问题，给您带来不便很是抱歉。
3618637,1,您好，我是抚州乐安的。最近几年我县的村村通工程搞得不错，唯独我咸溪村只在今年修了不足三米半的公路，要是对面开来一辆小车就得让，可邻县的公路修到我村的宽度是五米啊，是不是当地政府有问题？
3618641,1,"尊敬的苏书记：您好，我叫杨道球，是奉新县西塔村的一名群众,祖籍宜丰潭山镇。去年10月我曾去信向您反映有关我岳父李桂友自留山继承权的事情，感谢您向宜丰县做了批示，但宜丰县有关部门、潭山镇政府及汉塘村委会一直敷衍了事，至今没有得到任何说法和补偿，期间有向省委民声通道反映，但他们以在其他途径已经投诉的情况不再受理为由拒绝了我的投诉，不得已只有再次向您求助。我岳父李桂友也是潭山镇汉塘村村民,岳父20多岁时双目失明，一直靠打草鞋和我岳母相依为命，1987年岳母不幸中风瘫痪，当时敬老院也不愿意接受两个生活完全不能自理的老人，村里只好一再要求我赡养，并承诺出赡养费和口粮。但在我抚养岳父母8年多的时间里，一样都没有兑现，我和妻子赡养两位生活完全不能自理的老人，尤其后来四五年岳父精神有些不正常情况下，这种艰辛是别人无法体会的。村委会不但不闻不问，反而在我岳父母搬离后不到半个月的时间里，把他们的四间房子变卖，自留山承包到个人，原因是我岳父母因为生活困难欠了村里的钱，具体多少我也不清楚，按理说，我岳父母没有享受五保，也一直是由我们赡养，自留山由我继承应该没有异议，可是多年来我一直和村里、镇里交涉，镇里说要由村里解决，村里说会解决，到头来一直没有个说法，后来听说村里把我岳父母的自留山分给了别人，多年的承包费都进了村干部私人的腰包。2009年10月，在您作了批示后，汉塘村支部书记确实第一次主动给我打了一个电话，但态度是很蛮横的，指责我为什么要去投诉，最后撂下一句话，补偿我们3000元买断这件事，不能再去向上级反映。苏书记不妨想一想：我岳父的自留山大概有近20多亩，就现在也不可能是这个价钱，还不算拆卖我岳父房子的钱和山林20多年的承包费，我还是那句话，按政策该是我的那就好好来谈，不是我的话，我分文不要，别糊弄我们老百姓！！！只有请苏书记再次过问一下，我们这样的小老百姓真的拖不赢政府，让他们给我一个合理的解释！最好请宜丰县的相关部门认真过问一下，本来就是村里的问题,还叫村里来解决,不是与虎谋皮吗。"
3618650,1,书记您好：我是从广州坐车到安徽的乘客，所坐的客车没有春运资格，春运检察站在夜里一点钟以后无人查车或跟在大货车后面闯过去，致使许多超员、无春运路线牌的违法客车大行其道！乘客的安全希数毫无保障！希望春运检查站的同志能够轮班倒，彻底杜绝春运潜在的危险！
3618658,1,看了中央和省教育工作会议精神以及教育规划纲要，确实很振奋。但东乡教育却让人失望。1、教师流失严重，很多老师宁愿开除也不愿回来。2校长吃空饷根本没认真查处，可以说形成了一个腐败链。3批发买卖校长非常严重，用人任人唯亲。4农村学校课程设置混乱，就是县城学校音体美也没正常开设。5一大批校长包括副校长四五十岁就可以不上班，严重影响了老师积极性。6职高全县也只有五六十个学生，但把普高生建职高生学籍卡，骗取国家拨款。7有偿家教非常严重。8期末违规收费。上述问题都是事实，苏书记可以派人调查
3618659,1,领导开通留言使民声有了通道，但一定要督促基层领导调查落实。谢谢苏书记
3618663,1,书记你好！关于南昌桥石、将巷、叫矶头严重偷采防洪大堤脚下的河沙，对防洪大堤存在极大隐患，我们向有关部门反映多次无效，特别是九江星子有条公安快艇，只要你罚了偷采河沙2500元款就可以大大方方的把船开走，这样防洪大堤就不会倒塌吗？特别是现在过年了，赣江偷沙上星期死人六个，你书记可能不知，请书记管理下偷采河沙，千万不要向抚州唱凯那样出现决堤事件，给人民过上个好年！
3618667,1,随着江西经济发展迅速，中国特色农村建设效果显著，城乡协调发展进一步成效，新农村建设有条有序，给路边画出了一道美丽的风景。乡镇现已路路通，为发展农村经济、缩小城乡收入差距、建设和谐社会添砖加瓦。但是在县城中有一条菜农每天必经之路却为政府所无视，每当下雨过后路面坑坑洼洼，黄泥弥散之处无人敢踏，更何况是肩膀上挑着沉重的蔬菜，若是绕道则需多走两倍的路程，给周边的老百姓也带来交通不变，此路不修很多人说是这条路上周边没有领导住，所以政府不给力。不知道何谓服务型政府，只为建设华而不实的面子工程而不去理睬老百姓关心的民心工程，而忘了党的宗旨和政府的奋斗和工作的出发点和落脚点，忘了发展依靠人民，发展成果由人民共享。此路是旧消防队至煤炭公司段，政府早已知晓此事，这件事让我们老百姓十分心寒。
3618671,1,您好。我是抚州市南城县建昌镇杨龙湾村人士，据群众反映本村的财务资金没有公开。有群众反映近两年来本村的征地补偿费用剩余60多万元被村长，书记，以及队长等多人挥霍。村民要求公开财务，被拒绝。知情人士爆料近两年来这笔巨款被他们吃喝玩乐挥霍一空。民众意见很大，因为这笔巨款当初村长书记等人是说明用来建设之用但是因为两年来不清楚财务的用途情况，又有知情人士爆料，希望财务能够公开。这毕竟是大家的公共财产啊。。。农民的血汗钱。请书记大人明察！！
3618679,1,您好！我是来反映吉安青原区赣化小区的房屋诸多问题。该房子是07年开始建的，是国防办的单位，当时签了协议说好多少元一平方。到直到10年底都没交房，开发商说要涨房价，补签了一份协议要加钱才给钥匙，但还是没有房产证。现在房子质量好差。这里有几百户居民等着政府做主。该厂原来是在永新县，现在户口也迁不过来，二代身份证都没法办。请一定帮忙解决，不胜感激！
3618680,1,书记，你好我是丰城市杜市镇横岗村民，村村通道路工程已经实施几年，现在我们村还是没有通，不知啥情况？村委说得我们自己出钱修，不知上级是怎样安排的，离村委近的就修，远点的就自己修，好像形像工程，希望领导关注，谢谢
3618686,1,尊敬的苏书记：您好！我们是上高县友谊小区部份业主，最近个别村民建房推倒了我们小区围墙，而且所建房紧贴小区内房屋墙，严重影响小区房屋安全，特向您反映，肯请您能过问一下，此事，我们不知怎么办？
3618687,1,苏书记您好！我是吉安市峡江县，家住仁和镇官田村委涂家村。2007年下半年国家花了几十万元搞农田改造。工程至今派不上用场，我们村两年水田没有种水稻了.希望苏书记过问一下，不然的话明年又不能种田了。做农民真苦多次向市县有关部门反映解决不了。现在农民只有靠打一点零工买米吃.看到原来能种水稻的地荒在那里.我们心里难过.请书记帮一帮我们农民吧！拜托了。
3618693,1,"苏书记：您好！可能您还记得，你这些年不止一两次来万安，在看到万安云洲公园的美丽，万安江边一栋栋别墅的同时，您是否会想问，万安江边的别墅的主人是哪些人？其它很多我们不讲，我来简单讲万安老师，就是那些人类灵魂工程师！他们过的是什么生活。1.起早摸黑，现在大约早晨6:20起来，敢问书记和省长，这时候大家再做什么？晚上要9点休息，教师周日下午去学校，周五下午离开学校。中途待学生战战兢兢，有差错怕家长，怕校长，出事怕政府，精神崩溃。2.教师待遇，你不必责成下面去办，这样的结果永远是绩效早就实现了，教师爱岗敬业。这样的答案是有县领导向市领导这样报告的。（1）今年物价上涨快，吉安事业单位在职有物价补助吗？好像每月300，有的单位已经得到了3600元，我们老师还每月那回事，只是听说明年教师每月加300,这算什么回事，难道是那笔钱又被挪用了？还是要加钱，又被推后和减少了？(2)万安的绩效工资，去年是得了4000多一点，第十三月工资只给了40%多一点，理由就是每月钱县常委会决定就发这么多。而2010年，每月工资里多500，前提是扣除地方政府每月补助200多，也就是实际每月多了200多一点，比泰和和遂川每月少将近300。年终的4000元，打卡上2400,1600拿出来绩效考评，从这1600里扣班主任津贴。邻县的教师待遇是这样吗？邻县的政府是这样对待教育，对待教师的吗？老师和公务员待遇一样吗？之所以没人敢说话，就是万安学校手上权利大，天天说吓唬大家，说要调上乡去。而校长自己呢，可以去考察，多少校长有几百万，有别墅，有车，从何而来？"
3618700,1,今天看到“中央电视台”的节目，反映鄱阳湖自然保护区保护野生动物不作为，看到天鹅等动物惨遭人类毒手，心情不能平静，我们的领导，只知道经济，只知道钱，非常庸俗，要知道，破坏了大自然，灭绝了一种动物，钱再多，也买不回来了，这是简单的道理，为什么江西省还这样愚昧无知呢
3618704,1,这次江西搞非工口国营企业改革非常必要。但是，我们安福的领导为了在明年的市县乡党委换届时不影响自己的升迁，因此在贯彻执行省委省政府的‘非工口国营企业改革’决策时大打折扣，弄虚作假，甚至借机瓜分国有资产，比如在安福县国有物资资产运营公司这次改革当中，利用独家垄断经营雷管炸药导火索民爆器材的有利条件，为了达到笼络人心，掩盖内部贪腐问题的目的，县里和公司作出了如下改革的方案：全公司156名[90%是县5套班子成员和权势部门领导的亲属]参与改革的职工按实际工龄把买断工龄的钱全部放到民营炸药厂去入股，最少的有2万，最多的有20万元股份[经理班子]。10年来实际上是大家都暗中入了股，由于安福矿山多，独家经营民爆器材的利润非常大，甚至可以达到200%的利润。这次改革，暗股变成明股，但是领导多，职工少，不公平！第2，所有参与改革的人员养老保险由公司承担，一次性缴清到退休年龄；3。所有的职工返聘安排上班拿工资[其实公司义务平时有20人上班足够了]。4。公司里帐上2010年的300多万元经营利润除一部分以各种名义发给了职工外，其余不知道去向了。由于该公司改革待遇特别优惠，导致其他非工口企业改革时也纷纷仿效，也弄虚作假，互相攀比，使国有资产遭到严重流失。请有关部门严密注意，更请苏书记在百忙中过问，否则改革会失败。我们冒着生命危险给您留言反映真实情况，千万要替我们保密！不要随便把信转回到县里，否则我们必死无疑。因为我们经理与黑道有关系，他曾经就向大家打过了招呼：严禁向上面反映情况，谁乱说谁倒霉！在我们江西这次搞‘非工口国营企业改革’过程当中，因为马上换届，为了保自己的乌纱帽，有关市县都出现了一些弄虚作假行为。省里一定要派巡视组下来，到人事部门查档案，到改革单位查方案和财务账。避免国有资产流失，避免改革失败。最后，祝领导健康平安！
3618706,1,"我于2006年在信丰县油山镇修建一条水泥路，到现在还拖欠工程款50多万元。由于修建该工程到还欠到25万元的债务,家里仅有的一点东西都给法院扣押了,家庭破碎,妻离子散,弄得连饭都吃不上,只有天天上访,要求政府解决问题,取回我的血汉钱."
3618713,1,我们是下岗多年的商业企业职工，自下岗以来，从未领取过一分钱工资，也未享受过任何补助，但我们没有怨言，也没找过组织上的麻烦。其原因就是企业为我们交纳了社保和医保，让我们没有后顾之忧，能安心地挣钱议养家糊口。这次企业改制，本地政府出台的职工安置方案只为我们交纳10年的社保和医保，安置费标准只有460-600元，目前我们生活尚且有压力，随着年龄增老，体弱多病，怎么有能力续交10年后的保险金。改制企业也深知这样的职工安置方案不能被职工接收，故不召开职工大会，不经职工大会表决通过，而采取欺骗、恐吓的手段，逐个击破，迫使某些职工在协议书上签字。我们也曾多次向组织上反映未果，而目前距改制截止日期已近，我们别无办法，故只有斗胆向省委书记建言，请恕冒昧，望领导能够为我们排忧解难。致衷心感谢江西省金溪县五交化下岗职工（附：本企业改制基本情况总资产评估：550多万元职工人数：43人，目前改制成本：230万元）
3618714,1,江西金溪很多地方都在聚众赌博，而且都是些地方官员在赌带头赌博，说怕什么，我县城有些后台，公安局有人，带头带领群众赌博，金溪县政府很腐败，我希望省里面好好抓一下。金溪县政府官员吃喝玩乐，贪污受贿很严重。
3618720,1,"尊敬的苏荣省委书记.江西省水利水电建设总公司是全国国企改制的先进,我有三个问题想得到您答复.甲:工作二十年没有分到住房单位也没有经济补偿.乙:住房公积金帐户一直封冻不能使用.丙:两年的社保补贴一直没兑现."
3618738,1,尊敬的领导您好：本人邹海艳，兴国县潋江镇猫岭村新塘小组人氏，希望你在百忙之中能抽点空了解一下我家的境况，我是湖南来的外来媳妇，我家房子还是我老公爷爷手上建的，建于四五十年代，里外已破烂不堪，成严重危房了，面积也只三十来个平米，这样的住房条件，这种境况下他们身为国家公务员的执法人员却这样无情的把我家兴建的房子夷为平地，虽说我的是违章建房，那也不至于这样对我们家吧？执法时能不能人道一点，区别对待，我家建房又不是为了骗取国家的拆迁补偿费而抢建、违建，我们这也没说要征收要规划呀？都七八年了也没说有啥重大项目和重点工程呀！在说我家所建房子位置离马路还有27米远，也符合路政法相关规定呀？有的在红线内都能建，我的在红线外却要被强拆呢？人家做高楼大夏，做到来出租都可以做，我们做一层平房自住都要强势拆除，这不是让我们穷上加穷，雪上加霜吗？贫富的差距不就是这样越拉越大吗？这不是与上级提倡要缩小贫富差距背道而驰吗？这叫我们还怎么安居还怎么乐业呀？工业园搞开发搞规划我是一万个的支持与配合，就象我们家自留山五元一亩被征收租赁，我们也二话没说呀！我们只想能够安居乐业，过普通百姓的日子却这么难呢？强拆那天我一家老小也还在医院照顾我生病住院的小孩，他们就这样一声不响的把我兴建的住房铲除，我们按正规程序来申请又说不批，在说违建也不止我一家，为何拆却只拆我一家呢这不明摆着拆弱不拆强，拆穷不拆富吗？这难道不是执法不公吗？我家好不容易东挪西借揍了四五万块建起来的房子，我们几代人才能建一次住房，只想建一层平房，稍微改善一下房条件，在收稻谷的时候，也好在屋顶晒晒稻谷，（一直以来我家每当收稻谷的时候只有到别人家废弃了的坪上去晒，或者晒到马路边上，别人一般都晒在自己屋顶上，既干净也好管理），就这点渴望，他们身为国家干部、公务员口口声声的为人民服务，难道就是这样为人民服务的吗？难道这就是法制社会、和谐社会下该有的事吗？9.3事件发生后，我六十多岁的家婆，整天以泪洗脸，叫天天不应叫地地不灵，整天寻死觅活的，都嚷嚷着要去死了算了，如果真那一天我家婆想不开跑到某某机构跳楼自杀了，我们家不也就散了，生产生活也没办法进行，这叫我一家五口还怎么活呀？我们赚那点钱容易吗？希望领导能急百姓之所急，百姓利益无小事。谢谢！以上全部属实请领导明察。强烈要求相关部门解决我家建房问题和损失。此至敬礼！
3618739,1,"在今年上半年看到报道说,广东省希望同我们江西协商,开通一条由鄱阳湖至广东珠海的大运河,途径南昌,抚州,吉安,赣州等地.工程浩大且工时也长,开通之后对我省的经济建设可能是一个翻天覆地的变化,但是对我们的环境也会造成影响.我想问政府是从哪个方面考虑此事情.谢谢"
3618744,1,高呼一级公路收费站站长成天敷衍站员，岢扣福利，奖金，腐败无能。每月工资就是几百块钱，就连社保，医保都要自己去交。请领导做主，为我们讨回公道！
3618746,1,省长您好，我曾经在省长信箱反映过地方政府的一些不法行为，但是省长信箱受理后都是将问题逐级下放，最后又回到基层政府办公桌上，本来我反映的就是基层政府，我想这样的民意通道是解决不了实际问题的，我知道您作为省领导，不可能任何事都亲力亲为，但是至少将问题交给人们所反映地方的上一级政府机关来解决吧。请领导三思。
3618749,1,今年人口普查不是比往年都要严格。都要落实到户吗？怎么我们这里连个普查员的影子都没看到？是因为这里面瞄腻太深，还是我们县根本就没把普查当回事？这是地方政府在藐视国家法律？还是另有原因？不落实到户能够查的准确吗？这样的人口普查还有什么意义？我是抚州南丰的！希望各位领导能够关注民生……关注人口普查！
3618752,1,我是江西省上饶市信州区一名下岗女工，04年自谋职业在市郊朝阳乡租荒山荒地150余亩，贷款植树造林，修鱼塘养鱼，养家禽，经过艰辛创业，昔日的荒山变成林，荒地变成新奇特瓜果园，蔬菜园，已是鱼满塘，猪满圏，鸡鸭成群满山跑一片繁荣景象。建成了有餐饮，垂钓，种植，养殖，农业观光等项目的农家乐，为人们工作之余提供了一个良好的休闲场所，不但解决了自己的就业，还为社会提供了十几人的就业岗位，每年还为国家上交几万员税收。可是，从07年至今被我市宣传部副部长郭安海和家人【现刚退下来】逼的无路可走，好好一个农家乐无法正常经营下去。4年来为达到目的【逼我卖农家乐】对我用尽了手段，威胁恐吓还扬言打死人。07年强占并破坏排洪设施，堵住我鱼塘排水，致使我20多亩鱼塘养的鱼连续4年都被冲走，损失惨重。找政府及相关部门，4年跑断了腿无人敢管敢问，都因他是上级领导，官官相护，哪有正义可言，法何在，公理何在。假如有一个领导能制止这种行为，我也不会连续4年受害受灾。国务院年年要求地方政府要大力扶持下岗工人再就业，大力发展农家乐经济在我们这里成了空话。一个下岗弱女子创业的辛酸不用多说，都能想的到。被恶人欺到这种程度却无处申冤，难道非得像我省宜黄自焚后，问题才能解决，如果这样能解决，我也愿自焚，也好解脱我的家人。那里还有活路可言，问题没能解决，确使恶人更猖狂。今年抗洪期间，6月17日晚下暴雨，深夜向排洪沟扔树枝堵洪水，使洪水全部进我农家乐，冲毁了我一切，房子差点冲倒，如房子倒了几个人命也就没了，损失近30万，加上以前3年的损失20万，间接损失更是难以计算，我已负债累累。6月18日事发当天报了案公安刑警立了案，人证，物证都有确无能为力，权大于法。知我报案后，恶人更加猖狂，就向我养殖场放恶狗，十几次，咬死家禽几百只，我多次拿死鸡去政府，都没有用，这还是我们的政府吗？我更想不明白是，一个刚退下来的领导干部做出这些伤天害理的事，目无法纪仗势欺压百姓，确没人敢管，在当地造成了极坏的影响，激起了极大的民愤，如不及时处理，将酿成血案，以上如有不实愿负法律责任。
3618753,1,现临川区展坪乡古塘村与荼山村委会韩家村之间的山林和田地均被工业园占去，关于补偿农民款的问题，农民怨气很重，一个村长都能拿着补偿款买大型推土机为自己谋私利，现在就连中国最低官员—村官都敢大肆揽材
3618761,1,尊敬的苏荣书记：您好！德兴市新岗山镇占才村委会主任，在计划生育工作中弄虚作假，在良田批建中，八年来共违规批建近百栋楼房。在计划生育工作中，占才村委会从不对育龄妇女搞尿检、上环，更不去追人流、搞引产，他们每个月都是搞假报表上报镇计生办，因此，造成占才村至今还有近百名超生妇女未结扎。（省计生委有详细材料）。在宅基地批建中，村主任手握批建大权，八年来共批良田建楼房近百栋，还将基本农田保护区内的良田批给窑老板挖土烧红砖，取其良田中的沙土倒卖谋取暴利（省国土资源厅有实名举报材料）。为此，请上级政府速下来查处。
3618762,1,今天看到《这缺德路是谁修的？？》》。真是写得大好了！说出了我们的心里话，这是省委省政府重视网民，关心民情，盛世江西的结果！这条路好像是丰乐路，我们前不久也走过，实在是苦不堪言，那天是下雨天，我们从丰城去乐安，途径铁路镇骄坑镇，路面是新的，中间却坑坑洼洼，无法行走，当地村民劝我们往回走，结果害得我们一车五人半死，沿途的司机叫死骂绝，骂就骂政府，不会骂包工头，这是回扣害死人啊。建议成立专案组，一级一级查，一个环节一个环节查，这豆腐渣工程不出一个礼拜就会水落石出。阻力会很大，地方保护主义严重，当事人肯定有1000个理由开脱，丰城人喜欢吹牛皮说有钱能使鬼推磨，这次就要看看我们执法的力度。权与法的较量，情与法的较量！人民群众是真正的英雄。因此强烈希望深入调查，一网打尽！（米小盛）
3618768,1,我们是江西九江市庐山区慧龙新城路北小区150户居民之一，我们2007年按揭买的住宅房，2009年4月因修建城际列车从小区内横架了两条轨道，轨道离住宅距离不足10米，也占用了小区部分绿化面积，当初开工修建时，政府承诺：“1、通车后即便办理占用面积补偿事宜；2、恢复小区内绿化，且恢复程度会比以前更好”还签订有协议书，为支持、响应国家建设，居民同意了政府部门提出的方案，可时至今日通车已两个月了，不见政府有兑现诺言的迹象。现在的小区内环境是一片废墟、但见晴天灰尘弥漫、雨天泥水漫流、加之列车来回穿梭的噪音，百姓苦不堪言，多次找过相关政府部门，都是一拖再拖，官腔套话，就是不见结果。我们老百姓真可怜，也真老实！这样的长此下去还能相信政府的话语和承诺吗？坏了党的形象伤了人民的心，群众利益无小事、构建和谐社会的稳定、维护群众的合法权益、全心全意为民服务的宗旨还能高唱吗？
3618769,1,书记您好！我是江西省抚州市黎川县龙安镇王沙坑村下嶂村小组村民。尊敬的总书记当您做在办公室的时候怎么也想不到在哪偏远的小山村发生了什么事情。每当想起我整夜都无法入睡。事情发生在九六年我们村小组分田地和山，就是因为我们不是一个姓氏村小组就不给我们耕田和山，做为农民失去这些我想你是知道的。当时就有三户人家没有分到我家只是其中一家，我爸他们天天上访，可以说是上告无门，当地政府一托再托就是十几年到现在还无法解决。总书记请您去调查并解决问题。谢了。
3618770,1,苏书记，你好！本人是江西省上饶市广丰县的农民，因最近当地有些情况感到不解，老百姓正议论纷纷，我们又没有有效渠道反映问题，上访也无人过问，只好斗胆向你汇报。当前，全国上下包括全省正如火如荼地开展人口普查工作，本是件利国利民的大事。李克强副总理还专门在电视上作了讲话，可是人口普查的政策到我县摇身一变为“敛财之举”，到底是公安部或省里的土政策还是市县里的个例还不清楚？我县各乡镇、各村居的普查员上门对农民宣讲普查政策时说，原农户未上户口的小孩或超生人口在此次普查时只需交钱就可以上户口，二胎的家庭不管是否超生都要交费三千元方可上第二个小孩的户口，三胎的（当然明显超生的）家庭上第二个小孩交一千元、第三胎的交六千元，共计七千元即可；四胎的共一万三，等等。总之，交钱上户口，否白没门，以后读书、就业你们家长自己看着办！交费统一地点为各乡、镇政府，当然，只开收条，没有收据、发票之类的东西！原来我，们只要交费五千元给村支书就可以上户口，虽然现在着政策不尽人意，但对我们而言，也算一个难得的机会，毕竟费用少了，而且全国人口普查十几年才会有一次嘛。我们下溪镇各村已经交了一大半啦！你说我是交嗯，还是再等等看？期待能快点回复，否则我会错过了交费期限，孩子就一辈子做黑户啦！
3618771,1,婺源县工商局9月份对城区个体经营户进行处罚，小店普遍罚款500--1000元，有的还不知多少。批发店一年要罚款10000以上。几乎成为一种规则，并且从来没有开具发票收据，处罚原因也没有说明。反正我们经营户也不敢与他们争辩，得罪不起。据说是每年都有。其中是否有腐败因素，不得而知。我在浙江经商多年，从来没有遇到这种情况。我们小老百姓开小店只是混口饭吃，有不容易啊。希望苏书记百忙之中过问过问此事，这事在老百姓面前意见很大。恳请回复，敬候佳音
3618773,1,我是江西省吉安市泰和县冠朝镇的一普通农民，我想和上级领导反应我们这里乱收费的现象。我和我老婆2008年结婚，当时我23岁我老婆差不多21岁。但没结婚之前我老婆就怀育了，当时我们的生育知识太匮乏了，不知道生小孩要准生证的，所以之后我们去帮小孩上户可不给上，说要我们拿一万二才给上户，有的人家还要两三万。我们真没那么多钱啊。现在小孩到了读书年龄了，去学校报名也说要我们上了户才能读书，我们都急的要死。我们这里很多这样的事，很多贪腐现象。就说我们这里的道路吧不知道从什么时候说修上级也说了拨了几十万的款，可到最后就不了了知，不知道那些钱到哪里了？希望上级领导给予关注，看看这些现象是不是正常啊
3618782,1,信丰县大塘埠镇为什么还有那么多非法营运车跑广东拉客？交警为何不管？
3618784,1,"吉安市永新县埠前镇强盗书记彭左旭剥夺被征地农民15项权利,无视省政府2009年3月1日起执行全省市片区征地补偿标准的存在,以15000元一亩强征农民耕地80米宽,9.9公里长的粮田作为上下高速公路连接线,我村人均耕地不足0.5亩失地农民所得补偿7000元左右,又无其它安置,我们以后的生活怎么办?我们数千失地农民老少应走向何方?救救我们吧苏荣书记......"
3618787,1,卫生部规定，小病在社区，大病去医院。鹰潭是全省唯一没有解决好离退休老同志在社区刷卡医疗的城市，离退休老同志已经多次向鹰潭市人保局反映，迟迟没有解决好，离退休老同志小病也只能去大医院排长队，往往小病排成大病，离退休老同志对人保局意见很大。希望苏书记过问，帮助离退休老同志解决好，谢谢苏书记了。多保重。
3618790,1,尊敬的书记您好：我来自于乐平市的一名普通学生，我想反映的问题是我市的化工厂问题，每天下午至第二天清早，乐平都被毒气笼罩，实在无法生存，那些工厂为了自己的利益而不屑人民的身体，多少人死于毒气，多少人死于水污染，举办过多少次都是无动于衷，书记，救救我们吧，救救乐平吧。
3618793,1,抚州市资溪县官员睁开眼睛让开发商在河道上建房，造成洪水倒流城区将县城西门全部淹没并死亡二人。几百户人家夜不能眠。上百人到县政府要求拆除河面上房屋将河道还原，并联名签名盖手印交到县政府，到现在没有一个答复，许多人通过各种途径向上反映到市里省里也石沉大海，相反县里还叫公安找茬，这事可能待来年洪水淹死人再来问责。今发此贴不抱有解决希望，只作证据之用。这种明显违法乱纪行为难道没有一个机关来治。
3618794,1,据我了解，在江西领导干部的配偶子女面试进财政拨款事业单位成风，包括街道学校医院院所等财政拨款单位，与进党政机关没什么区别，唯一区别就是免考。这是极端权力腐败，这是极大社会不公。1.一要认真清查近三年来进事业单位人员。2.二要给当事人严厉处分。3.三是制定法规，凡进事业单位一律公开考试，择优录用。
3618795,1,苏荣书记您好：我是一名瑞金市九堡镇的一个农民，我于2010年3月28日晚骑摩托车被一个喝醉了酒的小车司机撞伤，我车上当有和我一起的共三个人，事故造成了我右胫、股骨粉碎性骨折，腓骨骨折，全身多处擦伤；另一个是我老婆，她右胫、腓骨折，多处擦伤，因骨折还造成肚子里的孩子被流产；还有一个我的朋友造成的右锁骨骨折和多处擦伤。事故发生的时候小车司机还企图逃逸，后来旁边的围观人员告诉我车牌号，我就马上报了警，交警随后就把小车司机给抓获，交警去抓他那小车司机他还在车上熟睡，后被交警叫醒并抓去交警队审察。事故造成的医药费达一十多万元至今还没有给清，小车司机只给了六万元医药费，全都是我们自己向亲戚借出来的医药费，本来就是农民生活收入也不高，造成人我生活困难。我们已经向我们当地的人民法院起诉了，本来2010年10月19日上午开庭，可是我们到了法院那个小车司机没有来，法院里的人打电话给他也打不通，另外一个被告（也就是小车司机的担保人）也谎称没有接到传票不来，可是法院已经有把传票给他，他也签过字。法院就说被告没有来开不了庭，再传一次传票，可以到现在也没有传上被告，法院里说要是传不上他也没有办法了。我想请问苏书记，要是那个人逃走了是不是我国的法律就拿他没有办法了，都说我国是法制社会，一点交通事故纠纷都办不了吗，要是这样的话那些喝醉酒的人，可以喝醉酒在大街上开飞机了。是不是法院里的人没有公平公正，还说什么为人民服务、三个代表只是口里说，那都是代表“有钱人”了。社会太让我不满了、社会太不满。王小河2010年11月08日
3618796,1,尊敬的苏书记，江西萍乡市芦溪县源南乡源溪村阙家冲良田强行变工业园，而且是强行收购价格非常低，请问以后我们这些无一技之长的农民兄弟去哪里生存？国家不是要保护农田吗？我国不是其他国家一样我国种粮食的地不多呀，为什么这么好的良田一定要变成工业园了？旁边的山不能开发吗？请你赶紧派人调查，现在GDP真的比人民的生命，后代的生存还更重要吗？
3618800,1,苏书记：你好。前些时候经过沪昆高速在高安樟树出口下，到高安陶瓷工业城看个朋友。后到高安城区。那条路叫高胡一级，两头各设一个收费站，收费窗口上贴着：在两个小时内到下一个检费口有效。可票面上并没有这样的标注，下面检费口还收得理直气壮。现在江西的办事效率也够高的了，但这两个小时的有效期不知依据的是哪条法律规章？是否是乱收费？责任人是否该得到应有的处理？谢谢。
3618801,1,我是本省上饶市、弋阳县的一位肢体残废的人，现本人住的房屋面临倒塌的危险。本人村委会己向镇政府反映我的实际情况。现己进入冬季，如果刮风下雪房屋很可能会倒塌。本人又无能为力，本人夫妻两人全靠政府的低保金维持生活，本人也向民政部门要求过困难户危房改造项目，但没有得到解决。现人命关天，本人十在没有办法。只有在网上向省委反映，希望引起政府关注帮忙解决我的实际困难。
3618802,1,江西省吉安县粮食系统今年有800余职工必须买断工龄，但补偿标准还是用2003年的，并规定2万元封顶，请领导关心关心我们这些为粮食事业奋斗几十年的4050人员吧，提高一点补偿，或者为我们解决后顾之忧缴社保至退休，我们就感激不尽。
3618803,1,征地拆迁，先补偿，后拆迁，依法足额补偿。南昌市红角洲双溪村群众有不同意见要协商，不能动不动就警察抓人，强行施工。
3618804,1,关于南昌县2010年农业综合开发高标准农田建设示范工程项目旋风湖渠道衬砌工程的投标严重违规操作，使公开招标的工程变得不公平公正，农业开发办与工程所在地村官勾结，设置门槛，门槛规定标书需加盖村委会.乡政府公章才有效，而其他参与投标的资质公司因盖不了章无法竞标。本次投标严重违反中华人民共和国招标投标法，希望有关部门调查核实。
3618805,1,我是江西省南康市麻双乡义里村的村民，我们村里的村干部利用他们的村干部的权利开他们的木工加工厂，前几天导致村民被当地林业部的人打的很重也没人来管呀，当地政府来人时村干部请他们吃个饭就没事了，我在这里代表全村村民向你们反映，我们希望你们一定要快点排人来好好管管他们呀，如果你们不来处理好这事我们相信一定会出人命呀。
3618808,1,尊敬的书记苏荣：您好！德兴市新岗山镇占才村委会主任，在计划生育工作中弄虚作假，在良田批建中，八年来共违规批建近百栋楼房。在计划生育工作中，占才村委会从不对育龄妇女搞尿检、上环，更不去追人流、搞引产，他们每个月都是搞假报表上报镇计生办，因此，造成占才村至今还有近百名超生妇女未结扎。（省计生委有详细材料）。在宅基地批建中，村主任手握批建大权，八年来共批良田建楼房近百栋，还将基本农田保护区内的良田批给窑老板挖土烧红砖，取其良田中的沙土倒卖谋取暴利（省国土资源厅有实名举报材料）。为此，请上级政府速下来查处。
3618809,1,"广丰县政府要新建一条环城路.这样一来就要征用我们老百姓大量的田地,还牵涉到房屋拆迁!而现在政府给出的价格是:水田才16500一亩(一次性补偿);而菜地的价格是水田的一半!现在把我们的田地全部征用咯,物价飞涨,这么低的价格叫我们老百姓以后要怎么生活呢?在这里想问下领导,关于这个田地征用,省里究竟有没有一个统一的补偿标准呢?"
3618810,1,苏书记：您好！我是南昌大学一位老师。到目前为止，我的邮件仍没有送达。这封邮件非常重要！但现在已经三个多月了，邮件处理中心仍然没有处理邮件，非常紧急！后来，我打电话至邮政局，无人受理。而且，我这种情况的邮政用户有不少，就我身边同事就有三位。说明这是一个普遍现象。这反映了南昌市邮政局效率低下，责任心极度薄弱！甚至南昌市邮政局的督察电话都无法查到，使用户投诉无门。在全国上下贯彻落实科学发展观的背景下，南昌市邮政局的做法却正在失去民心，消费者正饱受其害！以下是我本人的挂号信的查询情况：XA212697187112010-07-2607:00:00|当前处理：到达处理中心|处理机构：南昌处理时间处理单位邮件状态2010-07-2311:12:53良乡西路局交寄寄达地----江西省南昌市2010-07-2607:00:00南昌到达处理中心到目前为止，我们仍然没有收到邮件，今天已经是2010年10月28日，一封从北京寄出的挂号信，三个月都送不到收信人，这是何等低下的工作效率？！
3618811,1,玉山县造林项目总是那几个自己设计，自己验收，合伙骗项目资金应该关注。面积以少报多，关系不好的，合格面积抓得紧紧的，关系好的造50亩可以说成一百亩，希望政府严格把好造林质量关，把造林绿化的好事办好，不要成为少数有权人骗钱工程！
3618814,1,我是南昌市新建县流湖乡的一位农民，越级写此留言实属无奈。因为这里乡政府的官员关系都非常硬根本无法举报。流湖乡民政部副部长利用职权贪污，但又让抓不到有效的证据，那些能吃到救济款的基本都是靠送礼才吃到的。可那些人真正需要救助又有几个呢？这就造成了真正的穷人却没得到帮助。本人是深有体会的，我家可以说是村里最穷的一家了，什么救助的都没有，我就是看不惯这种干部才出此下策，身为民政重要干部就应该为百姓某福，而不是抓住一切机会贪污老百姓的钱。还望书记通过渠道明查啊！
3618817,1,苏书记；你好，我总感觉抚州市的一些县，群众普遍反映客观事实的一些大事，不能给群众一个解答，甚至不闻不问，又不能让人们向上级反映，要等到事件暴发或新闻媒体暴光再来重视，群众对此失去了信心。就拿资溪县来说吧，今年洪水将县城西门口一条街淹没一米多深，死亡二人，个体工商户损失惨重，当地八十岁栖居在这里的居民说：历史上这条街没有过淹水，这几年来一是县政府将设计桥面降低一米，二是开发商在河道上建房使河水不能顺畅，造成河水倒流淹没了一条街，一百多户居民夜不入户，近百人到县政府要求将房屋拆迁疏通河道，老百姓写信签名盖手印交给县里，至今没有音讯。这种严重违法活动大家闭口不谈。水利，城建，县政府宦官难道没有一个出面为百姓办实事，只想当上一届一走了事。此事可能要到来年再来一场大水淹死几个方可引起轰动了。
3618818,1,苏荣书记，您好！再次向您反映情况：相信苏书记对于这种于党于政府、于国家于人民都有利的事情一定会管好！！我们单位新建职工住房分配严重违规，明显不公，营私舞弊，暗箱操作；我们一年前就投诉至本省信访部门，在信访部门过问后一年多的时间里面，单位里相关部门相关同志，该作为的不作为，不该作为的快速作为；不仅不积极妥善解决问题，反而使用欺上瞒下、相互推诿、踢皮球的方式，并采取拖延、将错就错的手段，将新房提前尽数的分配给一些已有住房的职工；其中，一些现有住房条件比我好，生活条件比我优越，该享受国家规定的住房福利待遇比我低的在职以及退休职工，却匪夷所思的分到了新房。而单位上却只拿分到新房后的同志所退出的旧房来让我挑里面所谓“最好的”，用以解决我积压多年的离休干部政策落实不到位，住房面积不够，居住环境恶劣的问题，还美其名曰：“特殊照顾”。这些严重违反国家政策，以权谋私，利用职权侵占、挤压离休老干部合法权益，对上级组织以及党和政府极其不负责任的行为，不仅造成生米煮成熟饭的既成事实，还制造出更多更大的矛盾隐患，并且增加了上级部门的协调难度。——试问：以上行为，哪一点符合咱们国家现行的离退休人员的相关政策？哪一点符合总书记强调的：坚持公平正义的执政理念？！哪一点符合总书记倡导的构建和谐社会的治国方针？！国家制定的相关政策，在单位里的新办法面前，在某些人的既得利益面前，就如同儿戏一般。试问：国家制定的政策还有无严肃性？党纪也好国法也好，对于这些干部还有无约束力？？如此明显的执政不公的行为省里面还愿不愿意管？！恳请苏书记于百忙之中抽空过问此事。——江西省广播电影电视局离休干部
3618823,1,苏书记：您好！现向您反映如下问题江西省泰和县农业机械管理局不按国家规定执行国家农机补贴，具体现在下面几个方面：1、有些人却能拿到几张表，想要买农机的农民却没指标买，并且将表以一百到五百元不等出卖。去年就要求商家买指标卖机器，还收取农民一百五十元培训费和驾驶证费用，但却没进行过任何培训2、墨许某些经销商提高价格销售，有些农民买到高价农机4、泰和县农业机械管理局向商家收取国家补贴款的百分之一的费用，并通过该县农机协会收取几万元不等的费用说是农机局代管，现在该款用向不明。并于2010年9月16日下午再次召集商家开会，要提取国家补贴款。
3618825,1,苏荣书记，您好！向您反映个情况：我们单位新建职工住房分配不公，营私舞弊，暗箱操作，我们一年前就投诉至本省信访部门，在信访部门过问后一年多的时间里面，单位里相关部门相关同志，不仅不积极妥善解决问题，反而使用欺上瞒下、相互推诿、踢皮球的方式，并采取拖延、将错就错的手段，不仅将新房尽数分配给一些已有住房且已参加过房改的职工，并且拿分到新房后的同志所退出的旧房来让我挑里面所谓“最好的”，用以解决我积压多年的离休干部政策落实不到位，住房面积不够，居住环境恶劣的问题，还美其名曰：“特殊照顾”。既造成生米煮成熟饭的既成事实，又制造出更多的矛盾隐患，还可以增加上级部门的协调难度。——试问：以上行为，哪一点符合符合咱们国家现行的离退休人员的相关政策？哪一点符合总书记强调的：坚持公平正义的执政理念？！国家制定的相关政策，在单位里的新办法面前都如同儿戏一般。试问：国家制定的政策还有无严肃性？党纪也好国法也好，对于这些干部还有无约束力？？如此明显的执政不公的行为省里面还愿不愿意管？！省里面不管的话，我只有向中央领导反映了！——江西省广播电影电视局离休干部
3618844,1,2004年--2007年以来，江西省人大常委会做出了在全省禁伐天然阔叶树的决定，这个英明的决策对保护我们江西的生态环境和青山绿水起到了不可估量的作用。但是从2008年以来，江西林业厅又放松了天然阔叶树的管理，以我们安福县来说，每年在省林业厅下达22万立方米的砍伐指标中，天然阔叶树的砍伐指标就有15000立方米左右，都集中在赣江支流泸水河，陈山河，同江河等河流上游的彭坊，钱山，章庄，泰山，山庄等乡镇，林场。特别是2010年下达的更多，审批手续更松，砍伐运输管理流于形式（因为拿到天然阔叶树砍伐指标的都是权贵人物]，一方指标起码要砍一方半木头。现在，以上河流的生态恶化，水土流失严重，经常断流，而且大部分都处在武功山，明月山景区范围。我们老百姓看在眼里，急在心里，大家说，这样下去，要不了几年，天然阔叶树会毁灭的，今后，再搞20年的一大四小造林工程都恢复不了。希望江西省委省人大领导过问并对天然阔叶树继续实行禁伐。
3618847,1,苏书记：您好！打扰您了，我想提的看法，看是否正确？现在不少城市政府行政中心所在区域都建设得特别好特别漂亮特别繁荣；也就是说政府机关在那里就建设得好，那里建设好政府机关就往那里去。老百姓认为这在某种意义上讲也是一种腐败。人民群众要政府设到相对较落后的地方，到普通的城市地方去，到能够代表大多数城市形象的地方去，，甚至去落后的地方去帮助去开发去管理，同甘共苦，深入实际体会，才不会脱离广大群众，不会脱离实际，不会忘记大多数。政府行政机关中心周边条件那么好，环境那么漂亮，就会不经意地忘记本来没有那么好的城市！不身临其境能谋其事吗？做得到居安思危吗？作为省会城市南昌应该平衡发展，昌北昌东昌南老城区新城区各自有优势，南昌市政府机关在昌北，省政府机关在昌东或者老城区比较合理（因为条件已经具备）。说得不对请批评。
3618856,1,遂川县龙泉世纪经典小区自来水因供水总管的原因，致使小区自来水混浊，反映半年无解决，现请求苏书记能帮我们。
3618859,1,书记您好，草民向您提个建议，会上访的人员一般都是相当有素质的，只是所反映的问题和纠纷得不到公正处理，有关处理上访人员反映的问题，希望反映到哪一级就要求哪一级派人及时处理，绝不能向上推，如果哪级处理不好或处理不了就要做出相应的处罚，要使基层政府部门工作要有压力感，从而提高政府办事能力，一定要做到公平公正，千万不能听信下级汇报，因为下面许多官员都是官通一气的，中央领导不是说过公平正义比太阳还要光辉吗？要让权力在阳光下运行吗？联系电话：13767768498
3618861,1,2004年--2007年以来，江西省人大常委会做出了在全省禁伐天然阔叶树的决定，这个英明的决策对保护我们江西的生态环境青山绿水起到了不可估量的作用。但是从2008年以来，林业厅又放松了天然阔叶树的管理，以我们安福县来说，每年在省林业厅下达22万立方米的砍伐指标中，天然阔叶树的砍伐指标就有15000立方米左右，都集中在赣江支流泸水河，陈山河，同江河等河流上游彭坊，钱山，章庄，泰山，山庄等乡镇，林场。特别是2010年下达的更多，审批更松，砍伐运输管理流于形式（因为拿到天然阔叶树砍伐指标的都是权贵人物]，一方指标起码要砍一方半。现在，以上河流的生态恶化，经常断流，而且大部分都处在武功山，明月山景区范围。我们老百姓看在眼里，急在心里，大家说，这样下去，要不了几年，天然阔叶树会毁灭的，今后，再搞20年的一大四小造林工程都恢复不了。希望江西省委省人大领导过问并组织省人大代表政协委员到我们安福县视察一下！
3618865,1,"尊敬的苏书记；您好！我是九江市，都昌县，汪墩乡，阳港村的一位普通的80后公民，在这里我想对您反映及建议的是关于小孩的教育问题（学前教育及义务教育），在我们那一带，只要提到我们阳港村的小学人们都不禁“摇头”啊·这其中包括学校环境和教师素质...记得我那时在校就读的时候真叫一个“荒唐”，那是在五年级期末考的那天，我们班主任居然明目张胆的贿赂监考老师，亲眼目睹了他塞给了监考老师2包香烟，把监考老师推出监考教室，然后居然把考试答案写在黑板上给我们照葫芦画瓢，至今想起来真叫我愤怒啊，心寒啊...至今还是如此,平时课堂上，老师几乎就是布置一些作业给我们做而自己就是和老师一起打牌就更不提了，家常便饭...我时常打心眼里问，这样的教育能育人才吗？这不是误人子弟吗？当然了，我所说的这些只是我脑海中印象较深的一个回忆.请问当前中央及各政府部门针对交易者块有什么政策方针吗？如此下去我还敢把自己的孩子放在家乡接受这样的教育吗?还请书记把教育问题放在心上啊，所谓百年大计，教育为本！！！"
3618870,1,苏荣书记您好！九江市修水县黄沙镇那里很多片区移民点公共设施都不完善，特别是民房屋前屋后排水道夏天一下大雨到处漫水，有一些屋后还有很高山坡，存在安全系数很大。跟镇政府反映没有一点效果，说我们刚建房时怎么不知道反映，现在他们不管了，我们都是农民不知道哪里说去。我们移民下来也不容易。黄沙镇泉源村枫树坳移民点马路也不平坦。
3618871,1,尊敬的苏书记：江西省不愧是中国革命的摇篮。今天网上读了宜黄县强拆自焚事件处理的报道，真让人高兴，这让我看到我党的希望，看到光明。只是这种处理要真正以法律为准绳，“王子犯法，与庶民同罪”。如果只是迫于舆论，为暂时平息民愤采取权宜之计，事过之后，或平级调动，甚或升迁，那全国的老百姓就会感到又受骗上当了。这种事件一多，党会彻底失去人民的信任，后果不堪设想。作为一个普通的党员，当听到周边人愤怒的斥骂声，我个人也会无地自容的。致以最崇高的敬礼！一个内蒙古的普通党员
3618874,1,尊敬的苏书记您好！我要跟您反映的是丰城市尚庄街办杨溪伏坪村的问题。伏坪村也叫伏坪岗村为什么有个岗字呢。是因为村庄的地理位置高。然而现在伏坪岗村可以改成伏坪洼。还正是工业园开发伏坪村周边农田所致。开发还是2003年的事情。当时是说这个村庄要整体搬迁的。直到现在才有一点动静，说是要旧村改造。而现在改造是在旧村的基础上。村后面有块地从开发到现在都没有用，但是不准村民到哪自建房。说那块地已归工业园所有。按照我国土地法三年没有用就归原集体所有。另选了一块地皮到村民建房。哪块地是村庄前面的哪块以前用土填起来的地。哪样村民建房资金就要更多。一点也没有为百姓着想。致于当前的情况我有几个疑问。疑问一：为什么现在不整体搬迁。二：为什么不要村庄整体搬迁到哪块已经多年没有用的地基比较好地。疑问三：该村交道不便、污水排放困难、生活环境较为恶劣多年没有人问津。
3618878,1,苏书记，你好，很高兴能有机会给你留言，我是革命老区，世界自然遗产地三清山脚下的农民，为了搞旅游开发，我村人均仅有的半亩优质水田，在没有国土部门批准的情况下被强制征收，现政府以每平方不到1公斤大蒜的价钱（15元）补偿给村民，并不给失地村民任何就业安置，失地村民以后的生活何去何从？请书记明察。
3618883,1,九江市云山垦殖场小里林场，地处佛教四大样板丛林之一的云居山脚下，去年开始响应国家村村通水泥路工程，给这个小村庄修水泥路，职工每人直接在工资里扣了300元，钱扣了，可是人口居住最多的地方，路却没有修到，还是烂泥路一条？村民给书记说了，可是不管用，现在只好出行走烂泥了，现在大家都有怨气，凭什么钱交了，可是路却没修进来，你说要是这里没几户人家住不舍得浪费钱也就罢了，可是人口居住最多的地方却不修？？？什么道理？村民都在背地里骂书记缺德啊！
3618884,1,江西余干的教育真的请领导去多多关心，公办学校没有学生了，可能你们领导不知道，上报人员很多，其实没有多少人了，请你去查查，我们余干本来就落后，如果教育再这样腐败下去，我们余干就更槽糕。
3618891,1,苏书记，您好！几天前，也就是9月10日发生在抚州市宜黄县的强拆至人自焚事件您知道了吗？这个问题太严重了，在社会上影响极坏，影响面也太宽了，记者通过调查如实披露了事实真相之后，在全国老百姓中引起了强烈愤慨，如此下去，那还了得！事实证明，当天宜黄县相关部门在副县长李敏军的带领下，对钟如琴家实施强拆，最终导致钟如琴家三口人自焚的严重后果。全国网友都带着愤怒的情绪关注着此事，对宜黄县的行为进行强烈谴责！以人为本，人命关天，宜黄县为何可以不顾百姓死活，官商勾结，干出如此伤天害理的事来！这是人民的政府吗，简直就是一伙强盗！如此下去，哪来社会的和谐？最终只会激化社会矛盾，严重损害党和政府的形象，败坏江西的形象！因此，特将这起恶性事件向您反映，望您加以关注，严处事件相关责任人，维护被拆迁人的合法利益！
3618892,1,苏书记：您好！据我所知，西湖区桃花镇在拆迁过程中，乡村两级干部贪污国家对农民的补偿款非常严重，简直令人发指！农民告状无门，苦不堪言！请求苏书记过问此事！万谢！！！！
3618894,1,江西税务腐败，不仅给企业尤其是中小企业的生存带来了危机，同时也造成国家税收的大量流失。现象：一、服务态度恶劣，假公济私，对企业公然敲诈勒索，几乎所有的专管员都会利用职权向所管企业变相或直接索贿，严重挫伤企业来赣来昌投资的积极性。二、官商勾结，采取垄断手段经营涉税产品和服务，严重增加中小企业非经营性成本。比如，强制一般纳税人企业向指定公司（航天金穗）购买网上报税系统，网上验票系统、开票专用电脑（有电脑的通不过检测也必须购买）、专用打印机、上网密钥等，购买软件以后每年还必须定期缴纳服务费……建议：开展江西税务系统的反腐风暴；调查并从根上取缔各地“航天金穗公司”，给企业减负，还江西投资环境的一片蓝天。
3618896,1,中国的腐败已经从学校的孩子身上开始蔓延，今天在公交车上遇见一位专门倒卖学生课外辅导书的书贩子，与学校老师合作，学校不管辅导书的质量，只看辅导书的价格，以2折左右的书价格把学校老师指定的辅导书批发回来，老师指定学生按照书全价购买，指定地点购买，，
3618900,1,尊敬的苏书记：省委民声通道开通以来，为老百姓解决了很多实际问题，深受民众拥护。现我有一情况向赵秘书长反映：我是南昌市东湖区豆芽巷120号居民郭风蓉，祖居房因公安厅集资建宿舍于2007年5月被东湖区拆迁办拆除。拆迁后我家同东湖区安置办和东湖区贤士湖管理处长巷村民委员会签订了房屋拆迁补偿安置协议书。协议书白纸黑字写得很清楚，安置在长巷小学旁的长巷村朱家湖农民公寓。拆迁后，我与家中八十多岁高龄母亲在外租房居住，老母亲年高体弱，身体不太好，期间带着老母亲几次到协议书中签订的朱家湖农民公寓的建设工地去看，我日盼夜盼希望安置房能早日建好，能让老母亲住回自己的房子。房子终于建好了，但村委会给的答复是：“房子不够分，我们也没办法，一套都给不了”。这真是晴天霹雳啊，于是我带着合同到市土地局、东湖区政府，经他们协调，长巷村村委会最终只同意合同的70%面积在长巷村朱家湖农民公寓安置，而且房源都是些经其他人挑剩下的，而且终日见不到太阳且不成形的斜角房。我们纳闷：1.中央强调要建设诚信社会和诚信政府，为什么我们有白纸黑字的安置合同，政府却不能严格履约，要知道房子对普通老百姓来说是天大的事情。2.长巷村村委会为什么没有一个透明的安置房分配方案，让所有安置户能公平公正的选房。实际上在动员拆迁时东湖区房屋拆迁安置办曾给我家承诺在朱家湖优先予以安置。3.整个从拆迁过程到目前安置过程，我总感觉到为什么有些人总让老实人吃亏？！我们要求：1.参照熊老三等五家拆迁户安置在有产权的南昌市城投康馨苑小区或者其他我们满意的小区。2.如果朱家湖农民公寓还有令我们满意的房子，我们原则同意按合同执行，优先选房。我的这一情况以向南昌市东湖区、南昌市政府多次反映，我们的基本述求就是希望政府按合同履约，但半年过去了，没一点结果。东湖区区长就一句话答复我们：“房子被分完了，我也没有办法，就算是我的错好了”。我没有要追究哪个人过错的意思，但不管谁的错，总不会要老百姓牺牲房子来买单吧。多次的上访让我们筋疲力尽，请书记为我家主持公道。申诉人：郭风蓉
3618901,1,尊敬的各位领导：您们好！我是九江一国企职工，前天在网上看到关于蜱虫伤人导致多人死亡案，我非常震撼和惊醒，使我对蜱虫的认识和了解以及深入的懂得它的危害性，感到后怕和自己的庆幸，上月周末我回老家（庐山区威家镇积余村）中午时分左右用手抚头发时发现头上有一只虫子样，就用手随便弹了下，可虫子还是没有掉下来，我便用手去摸寻（当时心里在想难道是什么东西凝到头发上了）后发现是只虫子扎进了头皮里了，心底就是一寒，心想这是什么东西哟，当时就用手用力直接拔了出来，一看那么大的虫子，登时一身冷汗，就用手把它捏死，弄的满手都是血，就立即清洗了手，也就没有在意，只是伤口有时还会隐隐作痛，想想是只小虫子没有去理会它了，过了2到3天我去理发，理发师傅发现了我头上的伤口就问是怎么回事，我就说没事是只小虫子咬了，洗头时可能是洗发水弄到伤口上去就一阵阵的麻痛，还是强忍了，就感觉好象细菌跟水一样从头顶而下涌进了头里一样，过了下就好了没事，晚上回家后就开始发烧，全身无力，腹泻，手脚部抽搐伴猥琐一时大约2到3分钟这个症状就消失了，头痛（主要是太阳穴部位）颈肩部下垂，（好象无力抬起头一样）也以为是感冒了第2天就吃了2片阿莫西林药，第3天就好了点后有点咳到第4天基本症状完全消失，可我看到各地的疫情，和我深知的经历后，还是不放心，昨天去几家医院检查，都是碰壁，不是没有这个科，就是看都不看就说没事没事我们这里没有那个虫子，不需要看，一点都没有重视，如果真是危急了还真是不知道应该怎么办好了，电话也打了无数个单位，不是停机了就是没有人接，这样怎么行呀，万一出现个公共卫生事件怎么应急呀！国家设立疾控中心是干嘛的了，值班的人都没有一个。从网上得知咬我的虫子就是叫蜱虫，我记得很清楚是一模一样的，对它我是深有理会，这个叫无形体病的症状和特点我再清楚不过了，因为我爸爸就是死于此病，我爸爸是1945年出生的，是庐山公路段的职工，1998年左右被蜱虫咬伤，当时也不知道这个虫就是叫蜱虫，更没有意识到的危害性，过了大约几天就发烧和无形体病的特征一么一样，家人也都是以为感冒了，我爸爸更是那样以为的，平常身体好的象头牛，从来没有病过小感冒都没有过，就是这个小小的虫子夺取了他的生命，当时也就是村医给治疗的几天后越来越严重，村医就加大了药量和激素药物，使得病情更加恶化严重，后去九江市171解放军医院就诊，当时诊断为高血压病，肾衰，血小扳减少，痢疾，可进171医院治疗了半月左右病情还在恶化，问医生，医生也说不出个所以然来，第2天医生还是建议我们转院，就住进了九江第一人民医院，进院不久又多检查出个心脏病来，在第一人民医院治疗效果更是不理想，因为这个医院是用西药比较多点，就是说用激素药物较多，到最后我爸爸见一要打针就害怕，说不打那个针了，情愿死了也不再打那个针了，说打那个针后体内好象有千万只虫在爬一样，后医生也是建议转院，就转到了九江市中医院治疗，没过2天中医院检查报告出来说我爸爸患心脏病，尿毒症了，2天透析一次，通过透析后精神和病情稍微有所好点和稳定，后来就是体内奇痒无比，象千万只蚂蚁在颤动一样，这样维持了不久最终我爸爸还是离开了，可在死亡后有人看到我爸爸的嘴巴里面出现蜱虫，我爸爸离开后家竟一落千丈，紧医药费就发了20多万，我妈妈没有工作在家务农，我爸爸走后受了打击后患了精神分裂症，就和我们生活在一起了，老家的房子就一直空闲在那里，可我上个月回家拿个东西就不幸被蜱虫咬了，我想家里肯定还有蜱虫，现在全国都在闹这病，为尽快的找到病源，是不是可以给专家们一点线索和驱除疫情的根源和寻找到原因，不时它下次又会咬谁了或者爆发大面积疫情了，我们村就有几个和我爸爸一样都是莫名其妙的死亡了，需要时我愿意捐献我爸爸的提取物，过去的无知失去的太多太痛，也想让我爸爸死得值，给更多的人带来警视和希望，望有关部门重视！！！重视！！！以上事迹千真万确，如有假话本人愿意负法律责任。周国宏呈2010年9月12日
3618902,1,尊敬的苏书记：您好！为了不耽误您宝贵的时间，我就直入话题吧。进城必考是我县教育人事调动的一个文明之举，也是婺源教育人事制度的一个质的飞跃，更是民主进步的标志！而今年的一系列教育人事调动事件，使这项制度来了180度的大倒退！事起有二：一是、县教育局机关单位因岗位需要，向上级主管部门申请，要求通过考试在全县教育系统内公开选拔4名局机关工作人员，报名工作都开始了，就在领取准考证的那天，被叫停，说是暂缓，实际上是为了某些不可见的交易。后经了解，原需公招的4个教育局机关工作岗位，都已被神通人士通过各种关系调入了（非考）。苏书记您说这其不会有贪腐吗？二是、婺源中学2010年秋季开学因部分义务教育教师岗位缺乏，向主管部门打报告要求在教育系统内公开招考6名教师，被相关部门否决。后又有神通人士，神不不知鬼不觉的登堂入室了。据了解，被调入婺源中学的6名老师都是深厚的背景，更有专业与岗位不相符的调入（需初中语老师，却调入一名关系很硬，后台很高的历史老师来任教）。莫非，婺源县的初中语文教师都天杀了。苏书记您说这其不会有贪腐吗？以上所陈述的皆是事实，望苏书记您明察，给党和人民一个答付吧！一位教师也是一名党员在教师节这天给您叩首2010年9月10日
3618905,1,苏荣书记您好：信丰县2010年不做人口普查吗？没有准生证上户口还强行要求交罚款。腐败的行为！
3618909,1,兴国县滨江公路施工为了节省资金，竟绕开民房，把兴国县主要河流-东河的河床填了部分做路基，像这样的施工肯定会影响河流的泄洪功能，也会影响公路的工程质量，谁能保证不会被洪水冲垮公路，像这样的美化亮化工程，把公路弯到河里也实在不美观，像这样的工程是造福工程还是害民工程。（注：施工地段在县工业园红门大桥150米以下）
3618910,1,苏书记您好！我是自来水公司职工。按理说水是独家经营，每家离不开水。可为什么连低保都不到的四百左右的工资每月都不能发放呢？08年都还欠职工两个月的工资，就用不着说这两年了。县领导其实也知道这情况，为什么不闻不问不去解决这两百多人职工无发生存的问题呢？不是经营不下去，而是存在严重管理问题。这么大县城水费连百分之三十都收不上来，连电费都顾不上，老是被供电部门停电。更谈不上发工资。为什么县领导知道公司领导不行，为什么不采取果断措施换领导呢？就让公司这样倒退到倒闭为止。真让职工不解。请书记调查为感！！！
3618922,1,"尊敬的苏荣书记：您好！我是红角洲长埇村里园谈家村村民黄正英，我今年已经64岁了，是一名中共党员，我的丈夫谈长龙（小名谈俭老）也是中共党员现已过世。我们夫妻俩都是遵纪守法，坚决拥护中国共产党的老党员，我一家都严格按照国家的政策计划生育只生一胎，但是，我所在的村，却因为家里的人口少，受尽欺负，到了生存都没有办法的地步了，如果您再不帮助我，我只有到北京去跳楼了。具体的事情是这样的：最近，我们村里的土地被征用，我家的12亩左右的水田也在被征用的范围。我村里共有5个小队，其中2、3、4、5小队都按照田地分在谁的名下，就归谁领取了土地征用费，但是，我所在的小队（1队）的小队长谈XX、谈XX等却以我家人口少,女儿外嫁等理由,不把被征用的土地补偿款给我，甚至提出如果要得钱也行，但必须把我名下的其他土地交出来分给那些超生的人！村里其他小队都没有提出这样的无理规定。现在我的土地被征用了，颗粒无收，补偿款又没有，我一个农民还怎么生活！怎么生存！国家发给我家的土地证上明确规定30年不变，为什么到了这些村官的口里却是想怎么变就怎么变!他们之所以这么猖狂就是仗着自己年轻的时候超生，家里人多！我还想问问计划生育是国家的国策，我遵守错了吗？为什么到最后变成了超生的人不但没有受到处罚反而横行无阻，遵守的人不但没有得到鼓励却受尽欺凌！苏书记，求您救救我一家人吧！"
3618929,1,尊敬的苏书记您好！我爸爸苏醒民1931年11月出生，1949年5月18日参加工作，当时为了方便记忆，用自己的出生月11月做工作日，1949年5月——8月在赣东北革命干部训练班学习，8月毕业后回江西省余江县双风区政府担任秘书工作；1949年5月——8月在赣东北革命干部训练班学习的有以下老同志：严素贞、聂学元、彭春大、扬雪莲、彭春标、严锦山等，我爸爸1949年9月本来和以上老同志一起南下贵州，后来由于工作需要留了下来，以上一起工作的老同志都是离休，只有我爸爸是退休，这么多年一直向江西省政府信箱反映，至今未能得到解决，现请求苏书记在百忙之中能还我爸爸真实工作时间，谢谢！经鹰潭市工业园区证实我爸爸苏醒民1949年5月18日参加工作，现在人证、物证都交给了江西鹰潭市信访局和江西鹰潭市工业园区信访办以及鹰潭市工业园区有关领导，可是江西鹰潭市工业园区领导就是不办，为了还历史事实，请求苏书记在百忙之中能尽快解决此问题，谢谢！此致敬礼！请求人：苏迟才电话：139701573072010年8月12日
3618933,1,要求省委按照四中全会加大查办违纪违法案件工作力度的部署和要求责令有关部门成立专案组对6﹒23绑架案进行依法查处尊敬的江西省委苏荣书记：您好！我夫妇都是有多年党龄的中共党员，我们向您反映的事情真实可靠。是您在报告中看不到；在汇报中听不到；下基层问不到的。九江市县公安局绑架案不作为造成我女儿惨遭绑匪杀害后不是本着“命案必破”及时追捕罪犯，而是弄虚作假、欺上瞒下、藐视上级领导和国家法律、漠视生命、违背客观事实和规律，以一个患有严重小儿麻痹后遗症，行走尚需双手搬腿一步一挪的劳改释放犯充当杀人犯，刑事审判开庭时审判长不准我追问同案犯的姓名。在我向各级领导部门反映法院枉法，要求公安机关追捕同案犯的同时将其执行死刑。以三日“成功侦破此案”大肆表彰、功过不分，致使同案犯至今逍遥法外，相关人员并得以提升。由于市公安局以权代法、搞假调查报告、向法院作伪证、包庇纵容犯罪，此后两年都昌县又连续发生看守所犯罪嫌疑人离奇死亡、干警打人抛尸窗外两起命案。省公安厅的在线交流更是作秀报喜不报忧。每月三次我坚持上网重复反映情况，“要求省公安厅成立专案组对6﹒23绑架案进行依法查处”几年来既无处理结果又无书面回复，向您书面反映多次也无回音。为此我夫妇受到市县公安机关打击报复、威胁恐吓、阻挡治病、殴打我妻。今年两会期间，市公安局驻京办王姓领导在马家楼指着我讲：“你把九江都昌搞得不得安宁，我在北京把你捏死犹如捏死一只蚂蚁，你下次再来我把你全家都弄死。”并连问六个信不信？嚣张气焰与黑社会比有过之而无不及。看到您发表的《“网络问政”是坚持党的群众路线的体现》文章中“知屋漏者在宇下，知政失者在草野”。草民深受感动。再次向您反映省政法部门重大疑难信访工作不作为，官官相护、包庇袒护下级机关。要坚持严格依法纠错。维护“既判力”必须以对当事人和案外人的权益、国家利益和公共利益没有损害为前提；维护司法权威必须以“公正合法”为基础；维护法院形象，必须以确无错误为条件。责令有关部门“成立专案组对6﹒23绑架案进行依法查处”；要求省委责令省高级人民法院对我提出的《刑事申诉状》、《行政再审申诉状》立案再审、公正判决。纠正错案，追捕同案犯、追究相关人员玩忽职守包庇罪犯的法律责任，赔偿受害人一切经济损失。处理结果请书面回复信访人。谨此敬颂大安江西省都昌县水利局冯上发余赛银
3618934,1,尊敬的苏书记您好！我们是江西省乐平市城市周边村庄的失地农民，近几年，乐平市政府以城市扩建为名，在既没有出示上级政府用地批文，又没有合法村民代表同意的情况下，以低价强行征用了我们一万余亩土地，致使数以万计的农民完全失去了土地，其征收的土地除一部分用于市政建设外，大部分都以高价卖给房产商搞开发，而乐平市政府对于我们失地农民就业和生活保障不管不顾，没办法，在08年前后，很多村庄多次联名向上级各相关部门反映，也曾引起上级政府重视，08年7月份底调查组到乐平调查，经查，我们反映的问题属实，乐平政府被迫出台了失地农民安置文件和信访处理承诺，但调查组走后，一直没有落实，农民得到的只是一纸空文，百姓又多次向上级政府反映，09年下半年，乐平政府才通知失地农民可以买养老保险，政府补贴一半，这一结果，对绝大多数失地农民而言，根本买不起，只有极少数人买了，而对失地农民就业问题至今未有解决，没有办法，我们只有再次联名向上级领导报告，请求乐平市政府安排失地农民就业，免费为失地农民办理养老保险，停止征用我们的土地，归还征而未建土地，以下是部分村庄失地农民的基本情况：一、乐平市洎阳街道办中店村基本情况自2003年至今已被征用了本村1300余亩土地，绝大部分用于房地产开发，如“金汇兰庭、水岸兰庭、大地豪城、东方大酒店”等，有700余户将近3000多人失去土地，村民至今大部分没有就业，生活一直没有保障。二、乐平市洎阳街道办杨家塘村基本情况本村现有人口300人左右，近几年，乐平市以建设“佳乐花园、消防大队、东风制药厂”等，以将本村土地全部征用完，300村民完全失去土地，政府至今没有安排失地农民就业和生活没有保障。三、乐平市洎阳街道办湖腰畈村基本情况本村现有人口近900人，近年来，乐平市政府以征收我村土地340亩左右用于建设“凤凰化城、第六中学、幼儿园、高速公路、经济实用房”等，造成400多人完全失去土地，就业和生活至今没有得到保障。四、乐平市洎阳街道办李家岭村基本情况本村现有人口300余人，近几年城市建设已将我村土地全部征用，造成我村300多人完全失去土地，村民请求政府从根本上解决失地农民的就业和生活保障问题。五、乐平市后港镇李太保村基本情况我村现有人口340多人，近几年乐平市政府以建设“206国道、凤凰华城、国土交易中心、人民医院、农贸市场”等为名，约征用我村400多亩土地，造成全村340多人完全失去土地，希望政府能解决失地农民就业和生活保障问题。六、乐平市后港镇唐家坂村基本情况本村现有人口1020人左右，近两年，政府以建设“国道、东风路、农贸市场、长运公司、公交公司、文化中心、为民服务中心”等，约征用我村土地700余亩，造成失地农民500多人，请求政府落实村民就业和生活保障问题。七、乐平市后港镇黎家仓村基本情况我村现有人口400人左右，乐平市近两年建设“大连路、香樟光华园、交通局、四星级宾馆”等共征用土地约300亩左右，造成150多人完全失去土地，至今政府没有合理安排失地农民就业和生活保障问题。八、乐平市接渡镇窑上村基本情况本村现有人口800余人，乐平市政府以建设“206国道、乐北联圩”等为名，征用了我村500余亩土地（10年来百姓至今没有得到征土地补尝款）造成我村800多人完全失去土地，村民要求政府按现时征地补尝价格，把征地款尽快交到百姓手中，并解决失地农民的就业和生活保障问题。以上是乐平市小部分村庄联名反映的情况，乐平市政府这样违法用地，给百姓带来痛苦，给国家土地资源造成损失，希望引起上级相关部门重视，督促乐平市政府解决失地农民的问题，查清乐平市违法用地情况，不要再征用我们的土地了。谢谢！各村代表的姓名和电话号码后港镇黎家仓村：周国祥手机：13155759176洎阳街道办中店村：方永新、王俊炎，手机：15879482805洎阳街道办杨家塘村：王水香手机：15079817520洎阳街道办湖腰坂村：黎寿元手机：13697981654洎阳街道办李家岭村：蒋龙女手机：15079857072后港镇李太保村：李长华、李志良手机：13767934969后港镇唐家畈村：唐有泉电话：0798-6817822
3618938,1,书记：您好！我是江西九江市彭泽县马当镇人，农民出生，几代以土地为生，土地是我们的命根子，政府征用我们的土地，我们都表示理解与支持，省政府与是政府对我们农民的关心与爱护我们是看在眼里的，但是关于补偿与补助之类，我们看了关于江西省土地征用相关条例，这些压根不合理，由此可见，我们的补偿金以及补助费用，大部分被县级、镇级以及村级部分干部私吞啦，到我们手里所剩无几，一亩地，每年400元，分八年付清，计3200元，我们家土地被占用一亩二分地，土地附着物（油菜）只赔了200元，根据我们家的收入计算，每年每亩地纯收入几乎接近一千四百元左右，八年计11200元，我们村就我们几家占地比较多，其他占地少的，不敢与县政府争取自己的利益，只能忍气吞声，还有其他村大部分土地也被征用，据听说，县政府将这些地高价卖与他人，本县一些有背景的人已经在这些土地上盖房，县政府乱用这些土地，我们这些靠土地为生的人，自古民不与官斗，因为都不过他们，我们只有忍气吞声，息事宁人。。。。。，希望书记为我们做主，我代表我们县的百姓谢谢您啦
3618939,1,"书记您好，我家在南昌市红谷滩原实验农场片区，是1997年通过正规手续（准建证、国有土地使用证、房产证）建设的房子。在2009年由于联泰公司开发就开始拆迁（归红谷滩新区管理，但却是由沙井拆迁办负责拆迁）。由于这个片区大部分房子都是农房，没有任何证件的，而他们既然要求我们跟其他农房一样，按照他们给农房制定的补偿标准拆（按政策农房的那个补偿标准比城市私房的要低很多），但后来由于我们家坚决反对就没拆，一直拖到现在。现在这里每天因施工而尘土飞扬，并且在我家门口堆了很多土，每次一下雨就全是泥巴。我想知道我家还拆不拆,什么时候拆，该按什么标准拆？如果要拆怎么没有相映的单位或部门来给个说法，我们该找什么单位；如果不拆怎么联泰说这块地他们买了，这块地现在明明还在我们手里，我们有国有土地部门的证件，也有买地的收据，一块土地能卖两家吗？"
3618943,1,有空的时候也抓一抓乡镇的腐败
3618948,1,南昌市中级法院(2009)洪民一终字第458号依据巳废止了的劳动部办公厅1997年88号文，对单位经营困难企业强制职工内退下岗、停薪留职人员，到新单位再就业，被新单位违法解聘，而该院判决在新单位可“随时解聘”再就业人员，难道下岗人员唯一出路就是下岗、下岗再下岗，为什么不受“劳动合同法保护”，难道唯一出路就是下岗待业吗？中央鼓励下岗职工再就业受政策法律保护体现在那里，法理、天理何在。千千万万个该类人，难道要死了人，上级才重视吗？有谁帮帮我们。
3618951,1,苏书记：您好！我想向您反映的事情是，德兴县到德兴铜矿的一条道路，修了五年了，到现在还有三百米左右至今没有修，附近居民叫苦连天。我现在在浙江这边打工，可每年回去那条路依旧是老样子，看看周边的省发展很快，但江西的发展实在是太慢了。希望您在百忙之中能过问一下此事，这条路就这么难修吗？
3618952,1,"案情及经过综述：2009年4月18日早饭后8点左右去菜场，当她从其县县城原古艾旅舍（即现在的京都宾馆）门前沿人行横道横过古艾路，刚走出距路边约2米远处，便被一骑山地赛车逆道急速行驶的男青年撞倒，当时肇事者呆站在现场不知所措。肇事男青年欲上前将老人扶起，这时，一辆出租车刚好从事故现场经过，司机师傅告诉男青年，“千万别动老人，动了你会更麻烦！”听了司机师傅的话，男青年便没再敢动。得到信息的肇事男青年亲戚到达现场后，不顾围观人的阻拦，强行将谭火秀老人拖扔到距原发现场约20米远的古艾市场路对面十字路口不管，然后将原发现场的肇事车也移走，使得原发现场被破坏，证据被销毁。约30分钟后，不知谁报了警。江西省武宁县交警大队交警到达现场，到达现场后，不但对躺在地上的受伤人员谭火秀不闻不问，而且法律法规规定办案交警应该做的事，例如对现场进行堪验、勘查、拍照、对现场当事人、见证人调查询问并做笔录等，处理现场的交警几乎一件也没做，连120急救电话都不打。约40分钟后，才从受伤人谭火秀身上找出手机并通知其亲戚，等到其亲戚到达现场后，交警才叫其亲戚租车将老人送武宁县中医院急救，。经医院全面检查，诊断谭火秀老人为多处骨折并严重错位。2009年5月22日，受害人因不服武宁县交警大队事故认定书的认定，而向九江市公安局交警支队投诉。2009年8月7日，九江市交警支队下达“九公交肇决字【2009】2号《关于撤销武宁县公安局交通警察大队第57号道路交通事故认定书的决定》”，并责令武宁县交警大队对该起交通事故“重新调查及重新认定”。不知何因，或许是肇事者家人说的他们有的是人事关系再加上送了钱，但真正的原因只有武宁县交警大队自己知道。武宁县交警大队接到九江市交警支队的决定书后，不但不重新调查、重新认定，却给受害人下达一份签字日期为2008年的事故证明。拿到事故证明的谭火秀家人与交警大队多次沟通而被拒，便向有关部门信访、走访，一段时间后又于多个网上发帖。2010年5月10日16点48分，武宁县公安局交管大队于九江论坛对谭火秀的信访公开发帖回复，回复帖如下：武宁县公安局交管大队关于“2009?4?18”交通事故信访的回复PostBy：2010-5-1016:48:00武宁县公安局交管大队关于“2009&#8226;4&#8226;18”交通事故信访的回复2009年4月18日8时30分，张成立（男，19岁）骑行一辆自行车沿古艾路自东向西行驶，行驶至宁湖路与古艾路十字路口时，将自路南往路北横穿道路的行人谭火秀（女，58岁）撞倒，造成谭火秀受伤的交通事故。事故发生后，事故处理中队民警袁立等及时出警，赶到了现场。但在我们民警到达现场之前，当事人张成立已将谭火秀扶到道路北侧人行道上，张成立骑行的自行车也被推至道路北侧人行道上，张成立的亲属也赶到了现场，将谭火秀送往医院治疗。由于现场破坏，路面又没有遗留任何挫划痕、制动印痕，民警便对现场概貌进行了拍照，勘查后，只有放在对当事人和目击证人的调查取证上，通过调查取证：经事故中队讨论及大队分管事故领导审批。认定张成立、谭火秀在事故中负同等责任.2009年5月17日,谭火秀向市支队提出复核申请，市支队于2009年8月7日作出关于撤销武宁县公安局交通管理大队第57号道路交通事故认定书的决定，要求武宁县交管大队重新调查及重新认定。接到支队复核结论后，我大队领导高度重视，并责令办案单位进行重新调查。但调查情况无法深入，由于现场变动，证据灭失，经办案单位和大队分管领导重新讨论研究后，根据《道路交通事故处理秩序规定》第五十条之规定，于2009年8月28日，下达了武公交证字[2009]第003号道路交通事故证明（出具道路交通事故证明的日期写成2008年8月28日确实属于笔误）。并于当日送达双方当事人，告知谭火秀治疗终结和伤残鉴定后，双方可以书面申请交警部门就赔偿事宜进行调解，也可以直接向人民法院提出民事诉讼。因双方家庭实属困难，根据谭火秀家属要求2009年底我队就治疗费问题找张成立家属进行协调，但谭的家属要求张成立一次性赔偿谭火秀的医药费、伙食补助、护理费、误工费、精神损害等费用玖万元正，由于双方分歧太大，无法协调。目前谭火秀仍在住院治疗之中，总花费2万余元。从武宁县公安局交管大队的信访回复帖完全可以确信，受害人谭火秀及其家人所说的是事实，武宁县交警大队至少存在行政不作为以及包庇肇事者等行为。其中最值得、也应该注意的地方是：信访回复帖中为何只说受害人是肇事者将其“扶”至路边，而不提其他参与人？从这一点说明武宁县交警大队还存在保护违法犯罪嫌疑人的违法行为。为什么能这么说而且如此肯定，因为此案我曾经三次赴江西省武宁县实地勘察并调阅有关卷宗。肇事者自己于调查材料中供述，受害人是被肇事者亲戚“扶”到路边去的，肇事车也是其亲戚弄走的。我真不能理解武宁县公安局交管（或交警）大队写这份信访回复帖的时候也不动脑子想一想，如果是他们其中一人被撞得如此惨重，别人扶他（她）能站得起来吗？且一个体重一百六七十斤的重伤老人一个人又怎能弄得了？受害人谭火秀入院时是多处骨折，现在是严重伤残，按照《最高人民法院关于审理交通肇事刑事案件具体应用法律若干问题的解释》法释【2000】33号第六条，猖狂、心狠的肇事者亲戚应被追究刑事责任，而武宁县公安局交警大队至今不但不对肇事者亲戚进行立案调查，连普通的调查材料都没有，不知何因。对受害人实施故意伤害的肇事者亲戚，本应被追究刑事责任，但至今仍然逍遥法外。肯请有关部门给予关注并处理此事。"
3618954,1,赣州崇义县长龙镇杨梅镇龙勾镇公路改造一期工程为何停工一月余？现有路面缺乏养护，经雨水冲刷后坑坑洼洼，极其难走，杨眉片人口众多，车流量大，群众怨声再道。政府相关部门应该加大建设力度，长期下去，是否是政府行政不作为，成了睁眼瞎！！
3618956,1,村干部腐败该管一管，贪官太多了严厉打击贪官腐败
3618957,1,"九江市浔阳西路改造可以绕开高楼，拆除高楼边上的棚户区，本着节约原则把资金多为老百姓办一些实事。拆除高楼大家意见非常大，拆迁难度也不少。拆棚户区改观市容，利国利民，拆高楼浪费，应组织城建规划部门科学论证，多听群众意见，让老百姓安居乐业。　城镇房屋拆迁，必须严格依法规范进行，必须充分尊重被拆迁人选择产权调换、货币补偿等方面的意愿。立项前要组织专家论证，广泛征求社会各界特别是被拆迁人的意见，并进行社会稳定风险评估。要控制拆迁规模，对于没有经过社会稳定风险评估或群众意见较大的项目,一律不得颁发房屋拆迁许可证。要严格控制行政强制拆迁的数量，实施行政强制拆迁要严格执行相关程序，并报请上一级人民政府备案。程序不合法、补偿不到位、被拆迁人居住条件未得到保障以及未制定应急预案的,一律不得实施强制拆迁。"
3618960,1,"人口普查的人口数可以说是人口普查的最重要的一项数据,由于地方上有一部分人超生,没法上户口成为这次人口普查的一难点,从新闻中我们知道现在国家有文明规定,要给于这部分人上户口.但实际情况却不是这样的.象我们乡到目前为止,都在以有准生证为由才可以上.象这样今后的人口普查数据的准确性就会大打折扣,这样于国于民都不利.我想国家能不能在,电视上公布一个举报电话,让那些不执行政策的领导不敢胆大狂为,不执行国家政策."
3618965,1,想知道政府部门到底是为谁服务，现在赣州我去过的县城猪肉差不多都是垄断的故意抬价，我想这个事情不决解只能上新闻了，我前两天到江西赣州会昌县问了一下猪肉进价6快2然后到瑞金7.2我又去宁都既然是7.5.7.88块真的是不敢相信相差这么大，后来我听卖猪肉的说是这两天一下涨了1块哦，我就问他宁都那里可以进猪肉他说宁都是垄断市场没办法，而且屠宰场的老板既然是县委领导的亲戚，而且他也有股份大家看看，现在的政府真的腐败
3618966,1,南昌安义中学，学校搞建设要老师出钱，而且哪么多教室空置，没几年的房子也开始掉土，严重豆腐渣工程，结果欠的外债还不上，在老师的工资里扣钱，补这样的缺口，学校腐败已经不是什么新鲜事了，这些扣去的钱，具体干什么去了，老师也不知情。据了解还远不止这些，比如：教师的工资福利，全县只有这个学校没有阳光工资也就是绩效，而且绝对不准议论，否则就冠以：“有损和谐社会的建设”！！！“想搞煽动，唯恐天下不乱”！！！殊不知自己就是那个和谐社会，和谐校园的破坏者！！！自己想做什么就做什么，完全不管教师的意见，学校的中层领导里也有一堆跟屁虫，偶尔发表点小意见，一会就会传到校长的耳朵里，轻则，喊去“谈心”，重则，大会上大声训斥，甚至，工作也别再想有好的安排了（指的是比如班级分配方面等）比如，有个教师被单独谈话，校长竟然说了句：你嫌待遇不好你可以辞职！！！想想就寒心啊，老师辛辛苦苦的工作，待遇不升反降，说了几句牢骚，竟然要被迫辞职！！！这种校长真是禽兽不如！！！再比如：最近期末考试阅卷时，财务室告诉一位老师去领工资，并开玩笑说：再不领就不给了。那位老师也开玩笑的说：就那点钱不领也罢，就当捐给希望工程了。殊不知第二天开学期工作总结大会时校长大发雷霆：嫌工资少！，你有什么，想搞什么，想煽动暴动时吧，你就是别有用心！！！大家听听，这整个一四人帮的论调！！！学校每年的教代会也形同虚设，完全的专制！！！代表都是校长会定好的，不是教师选举的，提案也是大部分内定了的，即使有其他的提案，校长看了后直接扔到一边，根本不予理睬！这样的教代会还叫教职工代表大会吗？这样的提案会体现教师们的心声吗？这样的学校里还有民主可言吗？可是，这个学校的可爱的老师们，虽然有怨言，但是工作还是依然努力，这几年高考，连创新高每年都是300多人到400多人达到二本及二本以上分数线，就算今年高考生源很差的情况下（高中入学时正式录取的只有300多人，高三时学生900来人），二本上线290多人，一本上线80多人！这样的教师难道不可享受一点公平的待遇吗？请相关部门明察，（最好暗访，先了解事实，不然，很多问题是会被相关人员掩盖掉的）
3618968,1,书记您好:我是南城县龙湖镇一为农民，我叫张荣华从事了客车经营，2010年7月3日下午4点20分左右客车象往常一样从南城返回龙湖途径洪门镇长源下坡路段，有一块水泥路面凸起45公分形成90度垂直，正常行驶下坡的驾驶员根本看不到，发现情况刹车以经过晚，车辆丛凸起的路面飞越过去严重颠伤车内6名乘客其中三名腰椎骨折，事发后驾驶员立急拨打了110120122，交警赶到现场拍照取证并且通知路政部门到现场修复路面并警示牌，伤者立刻送往医院抢救5天以来医药费共发去13万多元，目前我以经无法支付这样高昂的费用，事故发生后我一个农民找到公路部门要求成担责任，公路局局长说这属于突发事件于他们无关，我现在以经走头无路，请求书记调查此次重大事故原因，追纠有关部门的责任，帮我作主。
3618971,1,苏书记：你好，我向你反映个问题，江西省人大网站上设立了网上信访，但网页根本用不了，登录后都是些英文，有点忽悠人的味道，人大是倾听人民呼声的地方，希望人民的声音能够通过网络传达上去，请苏书记过问一下，万分感激。
3618972,1,书记你好：我希望在江西省内严打贪官，替党和人民清除败类和贪官，腐败的人
3618973,1,苏书记你好：江西百姓有一句名言：和绅倒，天下饱，江西贪官真不少。我建议江西省一次严打贪官和腐败，我希望看见省委的行动。
3618978,1,各位省委领导：你们好我代表鄱阳县全体乡村医生向省委领导反应我县新农村合作医疗中心针对我县乡村医生变相收取钱财，以满足他们的私欲。我县新农村合作医疗中心为广大农民办理了农医卡，方便了农民朋友，在这方面我们乡村医生也付出了努力，做了很多农民朋友工作，就算我们没有功劳也有苦劳吧，但是我县新农村合作医疗中心却要我县乡村医生进一万六千元修正牌的药品，才能有资格成为新农村合作医疗门诊刷卡单位，才可以方便农民就近刷卡就近有医的原则，而我县新农村合作医疗中心违背了国家医改原则，按理说国家给了你们[我县]公共卫生经费，不应我们乡村医生出这笔钱，你们政府应该安排好，用好这笔钱，我们是直接为农民朋友诊疗服务，我们也要养家糊口，我们也要生存，你们[我县新农村合作医疗中心]不要为了一己私利，官商勾结，败坏了国家的法律体制，我们也要明主，我们也要生活，如果有一天我们全体乡村医生不干了，不知是国家的损失，还是老百姓的损失。希望信访局的领导上呈省委书记苏荣同志读阅，我们全体乡村医生对信访局的领导感激为快，愿上天保佑我们，见到省委书记苏荣，解我们心中的心结。
3618979,1,[align=left][color=#000000][b][font=宋体][size=18pt]尊敬的省委领导[/size][/font][/b][font=宋体][size=12pt][/size][/font][/color][/align][align=left][color=#000000][b][font=宋体][size=18pt]您好[/size][/font][/b][font=宋体][size=12pt][/size][/font][/color][/align][align=left][color=#000000][b][font=宋体][size=18pt]本人谭XX，系江西省武宁县居民，[/size][/font][/b][b][font=Verdana][size=18pt]2009[/size][/font][/b][b][font=宋体][size=18pt]年[/size][/font][/b][b][font=Verdana][size=18pt]5[/size][/font][/b][b][font=宋体][size=18pt]月[/size][/font][/b][b][font=Verdana][size=18pt]22[/size][/font][/b][b][font=宋体][size=18pt]日[/size][/font][/b][b][font=宋体][size=18pt]，本人曾向我九江市公安局交通警察支队投诉过我县公安局交警大队对我的交通事故认定不公，支队收到我的投诉后，作出撤销我县公安局交警大队原事故认定书认定的公正决定，并责令我县公安局交警大队对我的案子给予重新调查、重新认定，而我县交警大队不但不执行上级决定，反而给我下达一份无效证明。我们多次与他们交涉不成后，也曾向我县公安局反映，但始终得不到支持和解决。现在本人做出如此抉择，实在是无其它办法。具体情况如下：[/size][/font][/b][font=宋体][size=12pt][/size][/font][/color][/align][align=left][color=#000000][b][font=宋体][size=18pt]2009[/size][/font][/b][b][font=宋体][size=18pt]年4月18日，本人早饭后去菜场，当我从我县县城原古艾旅舍（即现在的京都宾馆）门前沿人行横道横过古艾路，刚走出距路边约2米远处，便被一骑山地赛车逆道急速行驶的男青年撞倒。得到信息的肇事男青年亲戚到达现场后，为了掩盖事实真相，帮助肇事者逃避责任，便不管其行为将会造成怎样的严重后果，不顾围观人的阻拦，强行将我拖扔到距原发现场约20米远的古艾市场路对面十字路口不管，然后将原发现场的肇事车也移走，使得原发现场被破坏，证据被销毁。约30分钟后，不知谁报了警。[/size][/font][/b][font=宋体][size=12pt][/size][/font][/color][/align][align=left][color=#000000][font=宋体][size=12pt][/size][/font][/color][/align][align=left][b][font=宋体][size=18pt][color=#000000]我武宁县公安局交通警察大队交警到达现场，不对现场进行拍照、勘查、勘验，不询问当事人、见证人等，连我被肇事者亲戚移动后第二现场的具体位置也不确定、不记录。总之，法律、法规规定他们该做和必须做的，他们一件也没做，[/color][color=red]不但不对受伤的我实施救护，120救护电话也不打，任凭我躺在冰冷的马路上痛苦呻吟，约40分钟后，才从我身上找出手机通知我亲戚，等到我亲戚到达现场，才由我亲戚将我送武宁县中医院急救。[/color][color=#000000]经医院全面检查，诊断为多处骨折并严重错位，至今我还在医院治疗，现已成严重伤残。[/color][/size][/font][/b][font=宋体][size=12pt][/size][/font][/align][align=left][color=#000000][font=宋体][size=12pt][/size][/font][/color][/align][align=left][color=#000000][b][font=宋体][size=18pt]按法律规定，应在当日当场对肇事者和现场见证人进行询问，并做现场笔录。而武宁县交警大队办案交警为了帮助肇事者减轻法律责任，保护对我实施故意伤害的违法犯罪嫌疑人，办案交警便做了两份当事人的虚假笔录和虚假现场证人的笔录。办案交警为了掩盖他们的造假真相，便利用双休日，趁着我刚动过手术还处于半昏迷状态，故意支走我的家人，拉着我的手在造好的假询问笔录上按了手印。[/size][/font][/b][font=宋体][size=12pt][/size][/font][/color][/align][align=left][color=#000000][font=宋体][size=12pt][/size][/font][/color][/align][align=left][color=#000000][b][font=宋体][size=18pt]根据道路交通相关法律、法规规定，“处理事故的交通警察应当按照标准制作交通事故现场图，现场图制作、复核无误后，应当由勘查现场的交通警察、当事人或者见证人在交通事故现场图上签名”。而我武宁县交警大队此次的两张交通事故现场图，第一张无一人签名，第二张只有绘图人自己的签名，这能算是作为证据的符合规定和标准的、作为证据的交通事故现场图吗？[/size][/font][/b][font=宋体][size=12pt][/size][/font][/color][/align][align=left][color=#000000][font=宋体][size=12pt][/size][/font][/color][/align][align=left][color=#000000][b][font=宋体][size=18pt]就以上这些残缺不全、不符合法律法规、规章、标准规定的虚假材料，居然能被我县交警大队领导审查通过![/size][/font][/b][font=宋体][size=12pt][/size][/font][/color][/align][align=left][font=宋体][size=12pt][color=#000000][/color][/size][/font][/align][align=left][color=#000000][b][font=宋体][size=18pt]根据法律、法规，本应对此次事故负全部责任的肇事者，我武宁县交警大队第57号《交通事故认定书》却认定“双方在此次事故中负同等责任”；本已构成故意伤害而应追究刑事责任的肇事者亲戚，我武宁县交警大队至今未立案调查或上报，犯罪嫌疑人还在逍遥法外。[/size][/font][/b][font=宋体][size=12pt][/size][/font][/color][/align][align=left][color=#000000][font=宋体][size=12pt][/size][/font][/color][/align][align=left][b][font=宋体][size=18pt][color=#000000]2009[/color][/size][/font][/b][b][font=宋体][size=18pt][color=#000000]年5月22日，本人不服我武宁县交警大队第57号事故认定书的认定，向我九江市交警支队投诉。2009年8月7日，我市交警支队给我武宁县交警大队下达“九公交肇决字【2009】2号《关于撤销武宁县公安局交通警察大队第57号道路交通事故认定书的决定》，并责令我县交警大队重新调查、重新认定。我县交警大队不但不重新调查、重新认定，却给本人下达一份[/color][color=red]2008[/color][color=red]年签发的“武公交证字【2009】第003号《道路交通事故证明》[/color][color=#000000]。难道我县交警大队的警察和领导有未卜先知技能？实在是荒唐可笑。[/color][/size][/font][/b][font=宋体][size=12pt][/size][/font][/align][align=left][color=#000000][font=宋体][size=12pt][/size][/font][/color][/align][align=left][b][font=宋体][size=18pt][color=#000000]我武宁县公安局交警大队某办案警察，当我家人去找他理论，为何上级责令他们重新调查、重新认定，不但不做，[/color][color=red]2009[/color][color=red]年发生的事故，却把事故证明的日期写为2008年时[/color][color=#000000]，其警察还很生气地对我的家人说，他办了多年的案子，还从来没有人敢向上级投诉！后来，却又得意地对我的家人说，“你们已经向市交警支队告过了，再要告就到省里告去吧!”找县交警队领导，领导总是包庇下属或故意推诿。每次去找他们，他们都是如此。[/color][/size][/font][/
3618983,1,万载县原二轻局皮革厂社保问题尊敬的苏书记：您好！我们是江西省万载县原二轻局所属大集体企业皮革厂全体职工。人数仅40多人，全系统共有11个企业，因种种原因早已先后倒闭，而我厂因无资产至今未享受任何政策待遇，我厂职工如今大多为50岁上下的人，上有父母、下有读大学的子女，生活十分困难。我们所有职工早在93年就缴交职工养老保险统筹金，现唯一的希望就是能续缴社保，我们从去年7月份就开始诉求，不知多少次到二轻局找负责人要求解决我们的养老保险等问题，可一直未得到解决，我们也多次到过信访局及找过政府相关领导，也打省长手机反映过问题。可二轻局领导无视群众疾苦，多次推卸、拖延，甚至在信访、省长手机要求其答复并处理时，他们竟对事实于不顾，虚构事实，采取欺上瞒下、瞎编政府文件回函上级。我们希望政府能够予以重视。我们是在编职工，也愿意缴纳个人应缴部分，何况93年就已缴过养老保险。不知有关部门领导为何这般对待我们这些弱势群体。“迫切希望有关部门领导能够关注、重视并解决我们的困难！
3618987,1,书记您好：南昌安义东阳石牛村干部儿子现在己经生了三胎，平民百姓生一胎就要计划生育。计划生育也就是搞一些可怜人或者一些没有背景的人，请主书记您难道还有怎样的政策法规啊。我们村小组征地有三佰多万他们搞几个工程项目基本上就没有了，我们村小组从解放来起一直没有财务公开帐目老百姓过目，老百姓说他们还讲你们这些人都是刁民。希望能有关人来查此事
3618990,1,尊敬的苏书记：我们是工商系统退休的老同志，看到省领导都忙碌在抗灾一线访贫问苦，很是感动。但我们这些为党和国家工作了一辈子的老人，天天盼望能早点享受改革成果，却事与人违。鄱阳工商局至今没有发阳光工资，为什么？全省可能只剩下我们这一个地方还拖着没发，恳请苏书记关心过问一下我们的事，我们都年事已高，拖不起！！去年，我们一些老同志也曾经反映过，可是得到的答复是“已经陆续发放。”这是在哄老百姓！至今为止，也没有一点消息说什么时候能发下来，省领导不是多次在电视上讲不欠阳光工资吗？听说今年又会增加工资，不会到时又开空头支票骗人的吧？难道只有到北京才会引起领导的重视，真是这样吗？
3618991,1,尊敬的苏书记您好省委提出的“一大四小工程尊敬的苏书记您好！省委提出的“一大四小”工程是一件功在当代利在千秋的福址工程，把它提高到书记工程的政治高度并不为过。可就是这么个好工程，为什么偏偏要选在七八月份在田地上栽树，难道仅仅就是为了迎接省里九月份的验收吗?或者图什么所谓的政绩工程？本人对此实在不敢苟同。认为至少弊端有三：一是栽插的早稻已抽穗，丰收在即，毁之群众利益受损；二是在七八月栽树季节不适宜，难保成活；三是与党的实事求是的思想路线格格不入，更谈不上科学发展观这样做的后果，就是在群众中有损党的声誉尊敬的苏书记，我是浮梁的一名村干部，可以这么说，在该县有很多干部和我有一样的深同感受。只是怕丢乌纱帽显得无奈而已。故进言恳请书记及时出面阻止，务必将栽树一事放到季节适宜时进行。
3618993,1,6月21日18时，江西第二大河抚河唱凯堤发生400米决口，威胁下游14.5万人口的生命安全。经武警部队500余官兵72小时的艰苦奋战，唱凯堤于27日18时合拢，20公里长堤恢复了完整堤身。笔者今天在观看江西抗洪专题报道时，注意到一个细节，主持人请前方记者介绍一下大堤合拢情况，前方记者说：“现在我站在这个位置可以清楚地看到整个大堤基本上已经封堵了，我们可以看到还有几米的裂缝，现在工程车和运载石材的车辆都已经停在这里，车上用笼子装着的石头只等最后投放，因为可能要等省里边的领导来举行仪式”。
3618994,1,[font=宋体][size=10.5pt][color=#000000][font=宋体][size=10.5pt]苏荣书记您好！您非常重视新闻媒体，曾说过“新闻媒体也是生产力”，对网络民意您也非常的重视，曾多次从网络中问计于民。正因为如此本人向您反映一个问题。江西今视网评论投稿须知上明明宣称有稿费，可是笔者在此网投稿（在江西是专投）两年时间，没收到稿费，每次打电话都有各种理由推托，如：地震期间太忙，奥运期间太忙，国庆之后再说，年底会给。一直拖延两年多，在全国众多评论员的投诉下，到今年年底才非常勉强的给予回答，但计算稿费结果令人很不满意。其它不说。本人是江西本土人，两年多来一直向今视网投稿，但因今视网每天发稿也就是一两稿，因而本人上稿也并不多，按照今视网计算也就99篇，就是这99篇今视网却大打折扣：一是99篇不知何原因只算为46篇，基本上是去掉一半。二是当初编辑给大家说是50元一篇，今视网的李xx也对本人说过50元一篇，可是如今却按30元一篇计算。三是约稿当初说好是100元，可如今每篇只按50元算。四是我在今视网起码写过十多篇约稿，大多是江西体裁，如：苏荣发表公开信“问计于民”问得好，江西红色旅游为什么这么旺；&#8226;苏荣对网媒为啥“一网情深”；&#8226;省长公布手机号：为民意识的提升；&#8226;“民声通道”是为民之道；做好“红色旅游”这篇文章大有可为；总理帮江西“卖”脐橙爱在其中；&#8226;三十年一垦殖场知青的变化；苏荣“不烧火”“接力赛”的寓意--地方领导--人民网；等。（因时间太久，今视网衔接找不到，只好用其它大网的衔接）可是约稿只算了两篇，而且每篇只按50元算。今视网的评论稿费标准是50元，不仅编辑说过，就是原来有人也是按50元一篇的标准发给的，为什么只给我30元一篇？其它人每篇上稿都全发稿费，可是我只99篇只算了46篇，今视此种做法很不公平。此事本不应该麻烦省委领导，可是本人多次向民声通道反映，石沉大海；本人向今视网发过十多封电邮，也根本不理，因而不得不向您直接报告。稿费事虽小，但是一个作者的心血，是对作者价值的肯定。本人写评论大都是以江西为题材，宣传江西，歌颂江西？今视网此种不讲诚信的做法无疑是给江西作者的一大打击。其实今视网每天登得评论并不多，一天一般是一篇，最多也就是两篇，除开节假日，一年顶多就是两万元，这个数字应该不会支付不起。更重要的官方网站应该讲诚信，不付稿费伤了很多评论员的心，直接关系到我们江西的形象。今视网扣下本该给作者的稿费，没有道理。由此本人要求今视网将评论员的稿费全部发给。罗瑞明[/size][/font][/color][/size][/font]
3618996,1,工龄政策不应歧视回乡知识青年1977年高校招生制度改革，1966——1976届高中毕业生考入大学的，既有“插队知青”，又有“回乡知青”，毕业后同时分配工作。劳动人事部规定“插队知青”插队期间计算为工龄，“回乡知青”在乡期间不可计算为工龄。这一规定给“插队知青”带来了福音，却忽视了“回乡知青”的切身利益，忽视了“回乡知青”由于这一规定直接受到伤害的事实，把同是知青的二者的待遇人为地、不合理地拉大了距离。在工资、福利等切身利益需要参照工龄这个钢性条件时，“回乡知青”较之“插队知青”始终在遭受着令人不可容忍的歧视，相应的人事管理和社会保障管理工作始终赶不上改革开放和科学发展的步子。甚至，导致按照现行政策，党政机关事业单位“插队知青”退休金一律90%，“回乡知青”退休金一律80—85%，岂非咄咄怪事！究其实，“插队知青”与“回乡知青”并没有本质区别。第一，当时都在农村；第二，当时都从事农村一样的工作；第三，当时都受到一样的待遇；第四，都是“文化大革命”的产物；第五，“文化大革命”后高等学校招生制度首次改革同时大学毕业，同时一样地分配工作；第五，同时同样在党政机关或事业单位工作。第六，同时按照规定，同时退休。“知青”本人不能选择家庭在农村或在城镇。城镇和农村同样是中华人民共和国的国土。“知青”不应因出生地点不同，而受到如此悬殊的待遇。“回乡知青”的家庭，与“插队知青”的家庭是平等的，没有高低贵贱之分。“知青”不应因家庭在城镇而高贵，“知青”也不应因家庭在农村而低贱。“回乡知青”不应继续受到“文化大革命”的迫害，“回乡知青”的工龄也应该从回乡之日开始算起。1977年是招生制度改革的第一年，凡是1977年参加全国高等学校招生统一考试被录取的1966——1976年高中毕业生，不论是“插队知青”，还是“回乡知青”，都是第一次参加高等学校招生统一考试。能够一次性考入高等学校，并同时毕业参加工作，是这批“插队知青”和这批“回乡知青”的共同事实。共同事实共同证实，完全是“文化大革命”剥夺了他们“上山下乡”期间的工龄。否则，他们的工龄根本不可能有任何区别。“文化大革命”残酷剥夺“插队知青”在乡期间的工龄，已经由劳动人事部规定政策弥补回来。但是，“回乡知青”在乡期间的工龄，直到现在，还被“文化大革命”彻底剥夺着！人力资源和社会保障部的相应补救政策，直到现在，还是空白。“文化大革命”是一场给全国各族人民造成深重灾难的内乱。“插队知青”、“回乡知青”都是“文化大革命”的牺牲品。“文化大革命”给“插队知青”造成的工龄损失，由政策挽回来了。“文化大革命”给“回乡知青”造成的工龄损失，也应由政策挽回。反映以上问题，希望国家人力资源和社会保障部本着以人为本，实事求是，构建和谐社会的精神，纠正原先不合理的政策规定导致的不和谐，从广大知青的根本利益出发，把“回乡知青”与“插队知青”的在乡期间的工龄问题平等解决。附：这是我转载好友的一篇文章。这篇文章反映了文革中受害最深重，面积最广大，且如今已经成为弱势群体的当年知识青年的根本利益中存在的不公平待遇。尽管文革后，有关部门对“知青”这一特殊群体采取过一些补偿型措施，但是多年来由于政策的偏颇，知青中的“回乡知青”在待遇方面受到的打击仍然是巨大的。他们被工龄问题困惑了一辈子，而这部分人如今已经步入老年，无可奈何的成为弱势群体。临到退休时由于计算工龄待遇还是要比相同境遇的下乡知青差一大截。现在我们的国家国力强大，人民群众安居乐业，生活蒸蒸日上，呼吁有关部门重视对这部分人的政策落实，纠正历史原因造成的不合理待遇。
3618997,1,我们是乐平市金汇兰庭的购房户，今向省长反映景德镇市金汇房地产开发有限公司违规收取我们的水电包干费2000元、测量费、重复收取办证费（每平方2元），以及超标准收取土地费690元、抵押登记费等费用。我们己向多个部门投诉未得到解决。有的执法部门迫于政府的压力，不敢出面维护我们消费者利益。计价费［1996］2922号《关于取消部分建设项目收费并进一步加强建设项目收费管理的通知》，其中自来水安装费、测量费、属国务院批准取消的48项建设项目收费之一。之后国家有关部委也下规范性文件制止开发商乱费行为。如：计价检[1997]1014号、2006年9月6号国家发改委副主任毕井泉《在全国整顿规范房地产交易秩序电视电话会议上的讲话》和赣发改价检字[2006]1114号文件整治房地产开发企业价外加收其他费用的行为。查处开发商在房价外加收配套设施费、水电安装费、管道开通费等违法行为，可见开发商收取水电包干费2000元、测量费、重复收取办证费（每平方2元）是违法的。既然违法就应按《合同法》第七条、第五十二条，赣发改收费字[2009]805号文件第四条以及《消费者权益保护法》第十六条第二十四条规定退款。根据[1990]国土[籍]字第93号文件规定：城镇居民住房用地面积在100㎡（含100㎡）以下每宗地收13元，每超过50㎡以内加收5元，最高不超过30元；土地注册登记发证：个人每证5元；……并使用财政部门统一印制的收据票证。而开发商代收土地登记费690元己超过了[1990]国土[籍]字第93号文件规定的标准。另外、开发商收取我们的办证费231元、合同备案登记费80元、抵押登记费930元，我们现在也未找到收费标准。到目前为止，开发商除出示一张购房正式发票外，其它都是开发商自己的收款收据。我们向开发商索要发票应该合理，为何开发商不给？乐平市做出只退2009年3月25日后购房人的款水电包干费不退之前购房人的款是没法律依据的，其实这都是一个性质的问题，赣发改收费字[2009]805号文件第五条和赣发改收费字[2010]245号文件规定都明确了：本通知执行时间：原有规定的，仍从原执行时间……。因为取消收取水电安装方面的费用国家早就有明文规定，也就是说原来就有规定，开发商违规收款必须按规定退款。下面是省发改委的答复：如开发商不得收取水电安装费的规定，应按国家计价费[1996]2922号规定执行。尊敬的省长，你作为是一省之长，是全省百姓的父母官，也只有你站在公正的位置上能为老百姓说话，希望你在百忙之中过问此事，以免造成群访事件的发生。
3619001,1,苏书记：您好！我是改制后的方大特钢职工。在改制前，我们原南钢历任领导都非常关心因工烧伤职工，从七十年代起，每到炎热的夏天，就安排烧伤容职工去庐山疗养，帮助他们度过盛夏的炎热给他们带来的痛苦，烧伤职工一直以来也非常感激组织和领导的关怀和爱护。在今年盛夏到来之计，当我们把疗养报告递交到公司工会时，公司工会以现在是方大特钢，方大不允许为由，拒绝我们的疗养申请，而去年改制时，我们烧伤疗养职工各自所在单位把我们的意见向公司领导反映时，公司反馈的意见都是原有的疗养制度不变，我们去年改制时还联名向公司工会递交了我们有关疗养的报告，公司工会也说疗养制度不变，但到今年就变卦，承诺也变成徒托空言，这符合企业改制的初衷吗？
3619013,1,"尊敬的领导:您好!兹有来自深圳的投资商,于2009年2月6日由江西省抚州市东乡县招商局,招商引资到抚州市东乡县投资;为做大东乡县外贸出口,成立一家名为:东乡县广饶贸易有限公司.同日和东乡县招商局签订招商引资协议,享受(2008年3月25日颁发的)江西省东乡县鼓励投资兴办企业奖励扶持办法第十五条;东乡县政府网投资东乡的优惠政策(第2008年8月27日和2008年10月26日的奖励办法第十五条):对具有自营进出口权的工业企业和贸易企业，每创汇1美元（以海关报关单为准），由受益财政奖励0.04元人民币；出口创汇达400万美元以上的，按每创汇1美元奖励0.05元人民币。对当年获得自营进出口权工业企业和贸易企业，且当年实现创汇50万美元以上的，另一次性奖励1万元。本公司自签订协议起至2009年中旬已实际完成出口1985万美元,应享受奖励扶持办法;每1美元奖励0.05元人民币X1985万美元=99万人民币,另加上当年实现创汇50万美元以上的,另一次性奖励1万元人民币,共计:100万人民币的奖励.本该2010年元月拿到100万奖励的,东乡县政府只说付9.9万人民币(未领取),其它的付不起.后找了东乡县招商局,东乡县对外贸易经济合作局和东乡县主管领导副县长易光亮,县长胡领高把奖励加到了40多万(也未领取).再找东乡县主管部门和主管领导后就开始推脱来推脱去,以县政府领导会开会研究为由推脱至今未给我们外来投资商一个满意的答复.另据了解东乡县其它企业基本都是按照0.04元人民币奖励的于2010年元月领取的.当初也是冲着东乡县政府对外来投资商的优惠政策来投资办企业的,到头来东乡县政府只对外来投资商不给予兑现优惠政策.盼领导给予调查解决为谢!顺讼!商祺!东乡县广饶贸易有限公司法人:2010年6月8日"
3619014,1,江西省泰和县农业机械管理局不按国家规定执行国家农机补贴，具体现在下面几个方面：1、在补贴申请表上自行编上编号，同时有些人却能拿到几张表，想要买农机的农民却没指标买，并且将表以一百到五百元不等出卖。去年就要求商家买指标卖机器，还收取农民一百五十元培训费和驾驶证费用，但却没进行过任何培训2、墨许某些经销商提高价格销售，有些农民买到高价农机3、在检验出卖机械时，对有些商家不用检验就可以出售，甚至只照相就能出售，但对有些商家就百般叼难，拖延时间，农民都不在这些商家买机器，并且还要商家出钱买指标。4、泰和县农业机械管理局向商家收取国家补贴款的百分之一的费用，并通过该县农机协会收取几万元不等的费用说是农机局代管，现在该款用向不明。此事已向江西省和泰和县反却没进行详细调查。希望中央能对损害人民利益的行为进行监管
3619019,1,苏书记您好：本人朱定禄，68年生，88年3月参加工作，于1988年8月29日在江西省江钨集团漂塘钨矿大龙山坑口427工区井下上班时处理松石漏斗顶板松石掉下，正好扎在左手上，造成左手二、三、四、五指断裂；在赣州人民医院住院全愈后，90年复查后经赣州人民医院专家医师鉴定可以到上海假肢厂安装假指，同年在矿领导的关心下，由漂塘钨矿职工医院张永清（现已退休居住在上海）陪同在上海定做了二付假指，因假指周期才二年；到93-94年因矿经济效益实在不行，我们的工资才发60-70%那有钱给我去上海安装假指；所以我也一直在矿上班至今，2008年10月矿请省劳动伤残鉴定委员会到矿鉴定确认我的伤残程度为柒级；现漂塘钨矿已将结束政策性关闭矿产程序，可对我这老工伤没有按江西省工伤保险条例进行任何补偿，我请求：1、矿依法补偿本人按江西省工伤保险条例支付本人一次性伤残补助金及（08年本人工资12个月25384.20元）和一次性医疗补金及一次性伤残就业补助金（09年本人工资38个月累计102775.50元）因矿已在2009年12月31日解除了我的劳动合同。2、矿依法补偿本人一次性辅助器具假指安装费用及（35000元）经南昌假肢厂鉴定的价格。恳请苏书记为我讨回公道；为民作主。礼！本人电话：13870707243
3619022,1,我们是工商银行抚州市分行辖区内的买断工龄员工，在工行工作了二十多年，工行只跟我们交了四年零四个月的社保，到现在仍未给我们补交，给我们养老和生活带来了很大困难；2002年买断工龄，文件上说每年补偿4000元，结果只给我们每年补偿3600元，有近万元的补偿费没给我们。请苏书记主持公道，责成工行落实有关政策，以维护我们的合法权益。
3619023,1,书记你好！我是赣州是石城县琴江镇古樟村石板桥组一农民，从去年县政府把我家的田地及房子都征收了开发做房地产，跟我们说是工业园！补偿的钱都不够做房子！更买不起房子，现在县里贪官污吏又准备强拆我们的房子了，又不给地方住。让我们这些农民还怎么活啊？书记你说让我们被征收人去哪里住啊？恳求书记查查这些贪官污吏吧！
3619027,1,"苏书记你好;我们是南昌市青山湖区杨子洲乡人.向你举报南昌市赣江溶剂厂违法行为,请你该查.1该厂是一个无安全生产许可证,无环保许可证,无酒精生产许可证的一家高污染高耗能的化工厂,近年耒发生爆炸发生火灾和死人事件多起.2该厂是一个无证化工厂,紧邻赣江,生产污水如酱油色,直排赣江流入鄱阳湖,工厂上厂几公里的赣江无鱼生存.3该厂自行生产酒精,偷逃国家税收上千万元.4该厂为了逃避本省相关部门监督,与上海某私人老板以资凭名义,生产出的产品运到上海销售,不进该厂帐,本应交在江西税收损失近千万元,?A染留给当地.苏书记这样一个化工厂.让我们周围莱农种菜也受污染.这个老板与相关部门关糸很不一般,09年还骗到国家环保技改资金400余万元."
3619028,1,尊敬的苏书记您好！我们是江西乐平市后港镇黎家仓村民，自乐平城市发展到我村以来，我村就没有了民主选举权，村小组干部由镇领导指定的几个地痞流氓担任“村干部”目的是叫他们压迫村民强征土地。村集体的土地钱款被“村干部”私分，或和镇干部大吃大喝，村务从不公开，工程也由镇干部直接包给“村干部”从不公开招标，村民无非参与。所以我村村民强烈反对。多次向上级部门反映，要求重新合法选举村干部。工程公开招标，但是，乐平市后港镇干部以各种理由推脱。至今没有落实，请苏书记百忙之中过问一下，为我村村民争取合法权益。谢谢。
3619032,1,平市部分江西省乐村庄联名请求解决失地农民就业和生活保障的报告尊敬的江西省领导您们好！我们是江西省乐平市城市周边村庄的失地农民，近几年，乐平市政府以城市扩建为名，在既没有出示上级政府用地批文，又没有合法村民代表同意的情况下，以低价强行征用了我们一万余亩土地，致使数以万计的农民完全失去了土地，其征收的土地除一部分用于市政建设外，大部分都以高价卖给房产商搞开发，而乐平市政府对于我们失地农民就业和生活保障不管不顾，没办法，在08年前后，很多村庄多次联名向上级各相关部门反映，也曾引起上级政府重视，08年7月份底调查组到乐平调查，经查，我们反映的问题属实，乐平政府被迫出台了失地农民安置文件和信访处理承诺，但调查组走后，一直没有落实，农民得到的只是一纸空文，百姓又多次向上级政府反映，09年下半年，乐平政府才通知失地农民可以买养老保险，政府补贴一半，这一结果，对绝大多数失地农民而言，根本买不起，只有极少数人买了，而对失地农民就业问题至今未有解决，没有办法，我们只有再次联名向上级领导报告，请求乐平市政府安排失地农民就业，免费为失地农民办理养老保险，停止征用我们的土地，归还征而未建土地，以下是部分村庄失地农民的基本情况：一、乐平市洎阳街道办中店村基本情况自2003年至今已被征用了本村1300余亩土地，绝大部分用于房地产开发，如“金汇兰庭、水岸兰庭、大地豪城、东方大酒店”等，有700余户将近3000多人失去土地，村民至今大部分没有就业，生活一直没有保障。二、乐平市洎阳街道办杨家塘村基本情况本村现有人口300人左右，近几年，乐平市以建设“佳乐花园、消防大队、东风制药厂”等，以将本村土地全部征用完，300村民完全失去土地，政府至今没有安排失地农民就业和生活没有保障。三、乐平市洎阳街道办湖腰畈村基本情况本村现有人口近900人，近年来，乐平市政府以征收我村土地340亩左右用于建设“凤凰化城、第六中学、幼儿园、高速公路、经济实用房”等，造成400多人完全失去土地，就业和生活至今没有得到保障。四、乐平市洎阳街道办李家岭村基本情况本村现有人口300余人，近几年城市建设已将我村土地全部征用，造成我村300多人完全失去土地，村民请求政府从根本上解决失地农民的就业和生活保障问题。五、乐平市后港镇李太保村基本情况我村现有人口340多人，近几年乐平市政府以建设“206国道、凤凰华城、国土交易中心、人民医院、农贸市场”等为名，约征用我村400多亩土地，造成全村340多人完全失去土地，希望政府能解决失地农民就业和生活保障问题。六、乐平市后港镇唐家坂村基本情况本村现有人口1020人左右，近两年，政府以建设“国道、东风路、农贸市场、长运公司、公交公司、文化中心、为民服务中心”等，约征用我村土地700余亩，造成失地农民500多人，请求政府落实村民就业和生活保障问题。七、乐平市后港镇黎家仓村基本情况我村现有人口400人左右，乐平市近两年建设“大连路、香樟光华园、交通局、四星级宾馆”等共征用土地约300亩左右，造成150多人完全失去土地，至今政府没有合理安排失地农民就业和生活保障问题。八、乐平市接渡镇窑上村基本情况本村现有人口800余人，乐平市政府以建设“206国道、乐北联圩”等为名，征用了我村500余亩土地（10年来百姓至今没有得到征土地补尝款）造成我村800多人完全失去土地，村民要求政府按现时征地补尝价格，把征地款尽快交到百姓手中，并解决失地农民的就业和生活保障问题。以上是乐平市小部分村庄联名反映的情况，乐平市政府这样违法用地，给百姓带来痛苦，给国家土地资源造成损失，希望引起上级相关部门重视，督促乐平市政府解决失地农民的问题，查清乐平市违法用地情况，不要再征用我们的土地了。谢谢！各村代表的姓名和电话号码洎阳街道办中店村：方永新、王俊炎，手机：15879482805洎阳街道办杨家塘村：王水香手机：15079817520洎阳街道办湖腰坂村：黎寿元手机：13697981654洎阳街道办李家岭村：蒋龙女手机：15079857072后港镇李太保村：李长华、李志良手机：13767934969后港镇唐家畈村：唐有泉电话：0798-6817822后港镇黎家仓村：周国祥手机：13155759176接渡镇下窑村：洪茂琪、彭永定手机：15907988608
3619033,1,"现在全省上下都贯彻建设鄱阳湖生态经济区,和一大四小工程建设之际,为什么我们进贤县年年栽树不见树,不知道有关领导知道这树成活率不高的原因吗?俗话说三分栽,七分管.我们县重要的是管理差,缺乏林业基础监督,全省各地都有林业局直管的林业工作站,唯独进贤县没有,不知道这是为什么?县里有的只是空头文件两个:进贤县委(进字2007第17号)同意成立7个片区林业工作站.进贤县机构编制委员会办公室文件,进编办发(2007)8号.请问何年何月我们才能盼来进贤县林业工作站的成立啊?可以这样说,鄱阳湖生态经济区也等不了,巩固一大四小的成果也等不了,真得是时不我待?"
3619037,1,苏书记您好：我们是资溪县农机局宿舍全体住户，我们的老房子已经被周边开发的高楼包围，我们的居住条件越来越恶劣，县政府的一河两岸工程将我们排除在外，和我们房子同一条线的旧房都已拆迁，因为我们这里拆除后无法盖新楼，没有开发价值，无利可图，拆到我们家门前就不拆了，独留我们这一排旧房，我们的居住条件越来越恶劣！，老鼠蟑螂横行，住户强烈要求拆迁，不惜和开发商多次对峙，但县政府一意孤行，根本不考虑民生，难道政府的旧城改造就是以有利可图为标准的吗？难道进行旧城改造规划的时候就是以有利可图为标准进行规划的吗？政付在旧城改造获利的同时难道只挑赚钱的地块改造的吗，政府追求的是利益最大化还是要兼顾民生？我们去法院告，法院不受理，我们去信访办，信访办把建设局的答复转给我们就完事，我们还有什么途径进行申诉？如果您愿意过问此事，请联系：13507040572
3619039,1,希望江西省纪检、监察、检察介入查处大余建设领域、国土领域的腐败问题！！！！！！！！！！
3619043,1,"宜丰县农场书记赵XX（现已免职）利用职权套取国家最低生活保障金,先后以其亲属(大姨况XX小姨朱XX)名誉套取最低生活保障金,实际领取是赵书记本人,经核实其受益人根本不知道?(都不符合享受标准)。其次购买原农场仓库后,强占附属打米车间不准出卖,无偿占据自有致今。私设赌场,在自家商店内设置赌博机,并向参赌者承诺“在我店内赌保证会被抓”害苦一些意志溥弱群体,如杨X.漆XX.等先后赌资十几万元。低价购买国有资产（公房）高价卖出，获利五万元，退休职工于罗X由于没有住房，出资购买公房并按标准交清房款后，赵书记获知后强行取消于罗X的买房协议，“杯水释民权”退休职工于罗X的脆弱无助，赵书记的官民之争就是鸡蛋碰石头之争，小小鸡蛋于罗X只能是退款退房了，将该房低价卖给自己亲属况XX儿子，作为一名党员，一场书记利用手中权力不是为民服务，而是千方百计为自己谋取私利，不译手段往自己口袋捞钱，严重损害了党在人民群众心中的光辉形象，钱权党在赵XX心里占主道地位。而共产党公信力和公众的信任度。腐败，贪揽用在赵XX身上最合适不过。赵XX这样我党员干部，留在农场或继续担任领导，人民群众遭殃，共产党的形象严重受损。民众相信各级党委和政府会明查秋毫，决不会让害群之马损坏共产党在人民群众中的光辉形象。宜丰县农场部分职工"
3619046,1,"县里的领导(包裹县部门)严重腐败,作风恶心,恳害百性祸国殃民，请书记紧快查处，还百姓一个光明。建议多派巡视人员下去询问百姓,学习乾隆精神!"
3619053,1,看到这么些网友留言，没有得到回复，我对此留言回复也不敢抱很大希望。书记：您好！我是江西抚州东乡岗上积人，由于在外面务工，未办理结婚证的情况下，生了个孩子，今年回家给小孩上户口是，计生办的同志要我缴纳8000元的罚款，才给上户口，我就生一个孩子呀，没有超生，要罚款，叫我们怎么受的起呀，乡政很腐败，给钱就办事。希望您能多考虑下。
3619058,1,尊敬的苏书记，请在繁忙之余关注农村的不稳定因素，一定要严惩乡霸，村霸，大家族黑恶势力，另外敬请关注乡村公路的工程款的使用情况
3619062,1,尊敬的苏书记，您好。我是江西省上饶市横峰县上窑口的老农民，我村原上下队小组长利用职权贪污村土地补偿款几百万元，后来经过村民不断反映，最后法院认定的才几万元，历经一年多，把两位小组长分别判处二年和三年有期徒刑，这对村民太不公平，应当重新立案调查，还村民一公道，不知你能否做得到？
3619063,1,"苏荣书记，新年好！据我所知，我村多次反映我村书记独权,村里没有帐目一事,欺上瞒下,为什么没有人问津,因为我们县城他有保护,是不是要群众集体上访才派人调查啊,他们村民去上访才把村书记处理了,希望调查下他们，给我们村选过个好官,地址：江西省宜春市金瑞镇下苑村我在此代表我村表示感谢！"
3619064,1,书记您好；我是江西永新县曲白乡的一公民，，你们能不能到曲白乡来采访一下呢？因为这里的政府不管做什么事全是乱搞，，比方说计划生育只要你出钱就可以生二胎，，别的不管。。还有我们当地的山林莫名其妙地被卖掉了，要知道当地老百姓可是靠山吃饭啊///老百姓也不知道是怎么回事，，总之就是不能上山了，，像曲白乡的东坑村就是这样的，其实还有好多像东坑村这样的情况。。还有一件一定要提的事就是曲白乡关于修村村通公路的事情向您说一件事情，曲白乡坳南乡是两个相邻的乡镇，，现在两个乡的村村通公路工程都已修好，，可是唯独丢下石背村委东坑小组这里不修，，乡政府说要当地人每户家庭出五千块才可以修，要知道东坑小组十几年前是一羊肠小道，只能步行，前些年是一个归乡的台湾老人拿出他儿子死亡的补偿金再加上村里每户人家的集资了几千块才把道路扩宽成不下雨的话还勉强能够通车的路，，因为别的村庄通车都是每户家庭才出了几百块，而东坑村却要出几千块才修，，要知道当地老百姓一年的收入才四五千块。。所以当地老百姓非常恼火，，想告去哪啊？？不知道。。记者同志帮帮忙啊//我代表全村的父老乡亲谢谢您了。。。。。。。。。。。。。。
3619074,1,苏荣书记您好！您非常重视新闻媒体，曾说过“新闻媒体也是生产力”，对网络民意您也非常的重视，曾多次从网络中问计于民。正因为如此本人向您反映一个问题。江西今视网评论投稿须知上明明宣称有稿费，可是笔者在此网投稿（在江西是专投）两年时间，没收到稿费，每次打电话都有各种理由推托，如：地震期间太忙，奥运期间太忙，国庆之后再说，年底会给。一直拖延两年多，在全国众多评论员的投诉下，到今年年底才非常勉强的给予回答，但计算稿费结果令人很不满意。其它不说。本人是江西本土人，两年多来一直向今视网投稿，但因今视网每天发稿也就是一两稿，因而本人上稿也并不多，按照今视网计算也就99篇，就是这99篇今视网却大打折扣：一是99篇不知何原因只算为46篇，基本上是去掉一半。二是当初编辑给大家说是50元一篇，今视网的李xx也对本人说过50元一篇，可是如今却按30元一篇计算。三是约稿当初说好是100元，可如今每篇只按50元算。四是我在今视网起码写过十多篇约稿，大多是江西体裁，如：苏荣发表公开信“问计于民”问得好，江西红色旅游为什么这么旺；&#8226;苏荣对网媒为啥“一网情深”；&#8226;省长公布手机号：为民意识的提升；&#8226;“民声通道”是为民之道；做好“红色旅游”这篇文章大有可为；总理帮江西“卖”脐橙爱在其中；&#8226;三十年一垦殖场知青的变化；苏荣“不烧火”“接力赛”的寓意--地方领导--人民网；等。（因时间太久，今视网衔接找不到，只好用其它大网的衔接）可是约稿只算了两篇，而且每篇只按50元算。今视网的评论稿费标准是50元，不仅编辑说过，就是原来有人也是按50元一篇的标准发给的，台海网论坛早就有人公布过。详看：[url]http://bbs.taihainet.com/showtopic-131983.html[/url]为什么只给我30元一篇？其它人每篇上稿都全发稿费，可是我只99篇只算了46篇，今视此种做法很不公平。此事本不应该麻烦省委领导，可是本人多次向民声通道反映，石沉大海；本人向今视网发过十多封电邮，也根本不理，因而不得不向您直接报告。稿费事虽小，但是一个作者的心血，是对作者价值的肯定。本人写评论大都是以江西为题材，宣传江西，歌颂江西？今视网此种不讲诚信的做法无疑是给江西作者的一大打击。其实今视网每天登得评论并不多，一天一般是一篇，最多也就是两篇，除开节假日，一年顶多就是两万元，这个数字应该不会支付不起。更重要的官方网站应该讲诚信，不付稿费伤了很多评论员的心，直接关系到我们江西的形象。今视网扣下本该给作者的稿费，没有道理。由此本人要求今视网将评论员的稿费全部发给。罗瑞明联系方式：13576710528
3619077,1,苏书记；我是赣州的，过去政府鼓励老百姓种植脐橙致富，刚刚进入丰产，政府要征收，而补偿标准才一百五十元一棵果树，我的果树每年每株平均挂果一百斤以上，每株的收入一百多元，地方政府规定没商量，苏书记你说，有没有道理、希望苏书记能广大的果农作主，不要让百姓的利益受到侵害。
3619078,1,苏书记：我叫唐相泰，今年50岁，身份证号：360102600902283，家住南昌市刘将军庙21号202室，是原南昌市青云谱区工艺装潢印刷厂的职工，单位性质为青云谱区政府所属集体所有制企业。上世纪九十年代工厂经营不善，生活无着落，工厂要求职工自谋生路。当时，我上有无养老的母亲需要赡养，一对双胞胎小孩尚未成年，妻子待业在家。1996年，我迫于生计外出打工，靠微薄的收入养活一家老小。今年本月，我从外地打工回来，偶然得知社保相关事宜，到南昌市社保局查询养老保险，结果查询不到，我又到原单位旧址查找，才得知单位早已解散，本人档案也不知所处。在我外出打工的十几年间，从未接到单位及同事任何通知，也从没有召开过职工代表大会，既不知单位解散，也从未得到工龄买断款。我就想有关部门介入调查，为我主持正义，让我能享受养老保险，否则老无所依。诉求如下：1、查找本人原始档案，确定职工身份。2、找出工厂解散相关原始文件，解散时职工代表大会的安置方案，依法得到工龄买断款。3、建立养老账户，将养老保险单位在解散前应缴部分交齐，个人部分自己补缴，依法享受养老保险。原南昌工艺装潢印刷厂职工唐相泰
3619079,1,"苏书记你好多次反映我村书记独权,村里没有帐目一事,欺上瞒下,为什么没有人问津,因为我们县城他有保护,是不是要群众集体上访才派人调查啊,我们村靠近波阳线银宝湖青林大队,他们村民去上访才把村书记处理了,希望调查下他们，给我们村选过个好官,都昌南丰大山,(冯上)"
3619081,1,省委苏荣书记，您好。原吉安市政府在1997年通过法院程序将国营吉安电器厂拍卖了，但是企业欠缴的社保金当地政府一直未清缴，职工的善后安置补偿等至今也未予解决，甚至欺骗上级压制下岗职工，说拍卖的企业收回来了。可是厂里的设备库存财产等等被私人全卖空了，这个国有财产巨大损失谁来管谁来查啊？十多年了下岗职工生存生活困难都没人问津啊！在此请省委领导百忙中关心一下我们，有很多的问题要反映啊！
3619082,1,"为什么我们多次反映枫岭头永丰余荆修路问题一直没得到很好的处理,是不是要等真出了人命才会有人管.希望您从百忙中抽空调查下,为什么村里答应给余荆村民修的路没修,现要个别老百姓另外出钱修反过来还倒咬老百姓一口.希望给余荆老百姓讨回一个说法.永丰村村长欺上瞒下,鱼肉百姓，无恶不做......从没为老百姓做过任何好事,百姓怨恨连天,而且他没经过任何民主选举当上的,好多这样的村官,这么多年,一手遮天,老百姓无处伸怨,直叫人愤恨入骨.希望调查下他们，给我们村选过个好官。谢谢。我们多次向枫岭头乡,上饶县、市反映答案只有要不是你们不懂很多事情，要不就是查无此事来应付我们这些老百姓。如果您再不管就没有好官了。(一心向上)"
3619085,1,苏书记您好；我是萍乡相东陶瓷工业区的住户，我想您一定到个那里。现在本地政府将有些环境不合格的企业不顾民众的反对为了搞政绩强行落户这里。现在老百姓各方面受到很大的影响。多次向上级部门反映都无效。请书记关注(希望)
3619088,1,苏书记您好;我想知道咱江西省土地征收的具体补偿标准是多少？我们村的土地被市政府征收做修路用，但我身为农民不知道补偿标准。我们村补偿款是每亩5300.(sunshineboy)
3619090,1,尊敬的苏书记：您好！有一个事情向您反映并请求督促解决！我是宁都黄陂人我们宁都一个这么大的县城竟然会没有火车啊！我希望这一次可以建设鹰汕铁路在宁都啊。这对迄今交通仅靠公路的75万宁都人民来说是一件鼓舞人心的大好事啊！宁都州人所有在外打工的老百姓会永远记得你的啊！(宁都人)
3619091,1,您好/书记：从2007年6月份开始，国家实行母猪保险理赔，死亡母猪由主管部门[畜牧兽医局]做无害化处理，每头母猪由保险公司按实际情况赔偿1000元，结果乐平市畜牧兽医局局长江涛一手策划安排，凡死亡母猪不做任何无害化处理，反而把带病毒有害人们身体健康的死母猪卖给猪贩子，到处泛滥，非法谋取利益，现在地方保护主义特别严重，景德镇市检察院的领导被不法分子收买了，检察院的有些领导不考虑社会和谐，只顾局部利益，考虑个人得失，更不追究不法分子刑事责任......
3619092,1,苏书记，您好，我是婺源江湾石际一村民。今年有一自来水工程在我村按装，但我村并不需水。而村委会硬是说不按不行，我们村民的意思把钱用在公路硬化上。他们却说不行，原因是村官捞不油水。还有水源来自几家种田人家的水，而他们并不上门做工作，强硬装过来。这是一种强盗行为。还有材委会强留我村一大笔钱，他们从来不用来化在公益事业上，而是吃喝了。
3619094,1,书记：你好！我是万载人，我有很多的疑问：一直以来计划生育工作就很严，可是为什么我们县的计划生育工作者都可以生两个小孩呢？而且什么事都没有。反过来，身为农民的人生了两个小孩，就连存在银行的钱，他们都可以通过法院“合法”的把那钱给弄走呢？难道计划生育只是针对农民或者是说针对没有“后门”的老百姓吗？
3619099,1,苏书记您好;我来自都昌万户镇、我想反映98洪灾国家给每户灾民移民搬迁补助资金、至今还有部分资金没有发放到位；我想问问这笔资金到底去了哪里’更为愤怒部分村委干部给灾民打欠条；少数干部大发‘难财’望此事得以严惩；给老百姓一个交代...............
3619100,1,书记你好，江西省靖安县在林业改革做的不公平，不公正，不公开，特别是村干部对他们的亲戚偏袒明明是别人的山，硬说是他们的，在山界划分上，他们把山界划到别人的山里。我向县里反映过现在也没有解决。希望苏荣书记能够帮助解决这个问题。本人不胜感激。谢谢(谢谢)
3619103,1,我也是江西的老?l，我也有问题要反映！这才是我们江西的好书记呀！苏书记好样的！(江西老?l)
3619109,1,苏书记现在全国都在加大反腐败力度这是一项工程今年全国查出了一些高官要案老百姓是特别高兴的可腐败无处不在关键是要有监督的好制度就目前看基层也很腐败体现在方方面面一般单位吃和小车问题多一把手处处得回扣把钠税人的钱花了各地对反腐败的盖子捂得很紧哟根本没有打开局面其实从经济角度看打击腐败不仅民心称块也是最直接的追回经济这和发展经济没有本质区别建议要加大反腐经济建设因为腐败官员的钱原本就是人民的钱
3619115,1,苏书记你好！我是来自乐安县徐田村的一员，想反映的是该村的公路一真没修好(公平)
3619118,1,东湖区人民法院红谷滩法庭12月11日下午开庭的备受各界关注的凯迪拉克案，此案中审案法官许群违法法律程序引来现场一片嘘声，已经被大江网，人民网以及江西电视台予以报道此案！现在全国很多网站予以了关注，请苏荣书记对于此法官很牛的的亵渎中国法律尊严的行为予以关注！有关报道请您网上搜索：凯迪拉克案开庭一波三折，江西需要公开-公平--公正的法律！(正义)
3619121,1,"苏书记您好　　自从我村书记换届以来.他爸爸下来儿子当村书记,村帐目从来没有公开过，不知道为什么我们这里没有什么帐目，只是村书记说的算，什么事都是他一个人说的算。我村凭了贫困村,每年上级拨款下来,没有一分钱到人民手里,凭贫困户书记给谁就是谁啊,希望苏书记给我们一个公道,他一个人有好几个职务啊,电站没有上班可以拿工资啊,什么社会啊,江西都昌县南丰大山．希望书记可以派人调查谢(余中人)"
3619129,1,尊敬的苏书记:您好！我是永修县艾城镇的，星火化工厂每年的排污和有机硅（有机硅是一种化工气体）排放把农民辛苦一年的水稻全部（百分之八十五以上）给毒死。星火化工厂有给农民赔偿但是到百姓手上的赔偿金更本是没有多少，是给哪些村干部给贪了（大概有贪全额的百分之四五十）。希望书记可以派人调查（派永修县的县干部是没有用的）
3619130,1,苏荣书记：如果是商业征地，政府应当牵头，召集开发商和土地权益人、土地等各种补偿、何时补偿、协商一致，不能为了开发商利益和政府的政绩，置群众利益于不顾，不能为了自身利益而损害农民土地权益人的利益，此时此刻，应当站在土地权益人的位置上作换位思考，什么问题都解决了，也就不会出现抗拒征地了。也就不会非法占地了。(江西省大余县农民)
3619131,1,苏书记你好我是广丰县的农民，我向你反映一件事，我爸爸的牛被抢了可快一年了我们报警可是没有人给我们处理我也向省长信箱写了20多封信多没有部门给我们处理我们望书记给我们老百姓再作啊不过我们这件事不好处理抢我家的牛可我们村书记的亲戚我们家今年的田可是一点多没有啊我们一家明年没有吃的救救我们吧谢谢(铜拨山人)
3619132,1,苏书记：你好！我是江西省萍乡市芦溪县百姓，猪肉价格起起落落，始终不变的是消费者对“放心肉”的期盼。前不久，为了确保农民吃上放心肉，按照国家对生猪屠宰实施定点管理，江西省萍乡市芦溪县更田村定点屠宰厂已经开展工作，但是我去市场买肉偶尔会碰到一两个商务管理局的人在收缴没有免检的猪肉，从近日的情况看，百姓的“放心肉”还没有从根本上解决。为了让我们吃上放心的肉不是一两个商务管理人员的责任，更不是我们去相关部门反映此事迟迟得不到落实。因此我希望苏书记能够关心此事，让百姓吃到放心的肉。(放心肉)
3619133,1,"苏书记您好　　自从我村书记换届以来.他爸爸下来儿子当村书记,村帐目从来没有公开过，不知道为什么我们这里没有什么帐目，只是村书记说的算，村干部办事都在书记家里，什么事都是他一个人说的算。我村凭了贫困村,每年上级拨款下来,没有一分钱到人民手里,凭贫困户书记给谁就是谁啊,希望苏书记给我们一个公道,江西都昌县南丰大山．希望书记可以派人调查谢"
3619136,1,江西总是小发展甚至没发展，我认为一是观念没转变，总是搞什么形式主义和花架子，不做实际工作，二是明星工程太多，三是腐败问题多多。
3619139,1,苏书记：你好！“光明，微笑”工程本来惠及广大农民朋友，但是在有些地方为了完成任务而造假，虚报手术病例。井冈山就存在这种情况，望苏书记和有关部门明查。
3619140,1,尊敬的苏书记，您好！我是一名乡镇基层干部，当看到您的好意被地方的个别领导给歪曲了，真的很痛心。如造林绿化“一大四小”工程，大家都知道是您到江西来亲自抓的一项工程之一，又称作是书记工程，所以这项工作地方上一般都是由党委书记亲自挂帅的，作为一项政治任务，高度重视，这本无异议。但是为了赶进度，出成效（表面上的，也可称是花架子吧），地方领导不顾实际，层层下任务，下指标，没得商量，必须完成。结果成捆的苗木来了，没地方种，干了，死了，成为了廉价的柴火，浪费纳税人的钱，得不偿失。以致于许多群众不解，在骂娘，认为苏书记只会种树，不会发展经济。本准备三年完成的造林任务，我们这个地方的领导为了出政绩，提出今年全面完成，我们这些具体执行者又很茫然，不去落实，完成不了任务是不讲政治。可惜的是，到时又不知道又要浪费多少人力物力了。还有一事，那就是计划生育的检查工作，名义上是暗访，其实和正常的领导接待无二样，还在路上，连什么车号，哪些地方抽来的人员组成都一清二楚，剩下的就是如何陪好检查组成员，安排人员在检查点蹲守，准备什么礼品之类的事了，又能检查出什么问题来呢？真是不可取。建议要暗访就要做好保秘工作，严明纪律，不查出问题不松手。
3619146,1,我是樟树市农村的一位教师，现在向您反映：上级又要强迫我们这里的教师听报纸了。请您关心一下我们农村教师，请政府官员不要盯着老师口袋中为数不多的钱吧！
3619147,1,"苏书记您好　　自从我村书记换届以来.他爸爸下来儿子当村书记,村帐目从来没有公开过，不知道为什么我们这里没有什么帐目，只是村书记说的算，村干部办事都在书记家里，什么事都是他一个人说的算。我村凭了贫困村,每年上级拨款下来,没有一分钱到人民手里,凭贫困户书记给谁就是谁啊,希望苏书记给我们一个公道,江西都昌县南丰大山．希望书记可以派人调查谢谢"
3619148,1,尊敬的苏书记您好！我们是乐平市后港镇黎家仓村民，自乐平城市发展到我村以来，我村就没有了民主选举权，村小组干部由镇领导指定的几个地痞流氓担任“村干部”目的是他们压迫村民强征土地。村集体的土地钱款被“村干部”私分，或和镇干部大吃大喝，村务从不公开，工程也由镇干部直接包给“村干部”从不公开招标，现我村又有水库被自来水占用，所卖款项和工程转让费其他村庄以分配到户，只有我村镇干部又是和以前一样秘密签定协议，所以我村村民强烈反对要求重新合法选举村干部。将自来水场水库征用款和工程转包费平均分给村民，工程公开招标，请苏书记百忙之中过问一下，为我村村民争取合法权益。谢谢(小周)
3619151,1,"五年前诉讼保全设备依法冻结后丢失法院要求当事人出钱追讨尊敬的苏荣书记您好；我叫崔红，陕西西安市人，女，现住陕西西安。我在没有办法的情况下只好求助于您，因为你是江西省的父母官，所以我只能跪求您在百忙之中.帮帮我曾经为了江西建设而前往江西革命老区投资的小女子吧……在2002年9月期间，我与福建人士徐芳盛.徐森等人前往革命老区江西永新县投资，为了支持老区建设，我们共注册资金三百万元，投资近百万元成立了‘永新县顺德石矿开发有限公司’经永新县工商行政管理局注册登记，审核合格后颁发允许经营证书。我属于法人代表，投资现金20余万元，以及购置价值143000元的装载机一台投入公司使用。在经营期间，由于合伙人徐芳盛因车祸死亡，徐森伙同其弟妹在未经合伙人[法人代表]同意，擅自私下通过关系到永新县工商行政管理局进行了公司法人变更，将公司大股东[法人代表]排除在外，变更后不到三个月就将变更的公司以及公司所有的财产.公司变卖转让。[此证据法院以获取]意欲吞并法人资金和财产。事情发生后，我直接将徐森等人起诉到江西永新县人民法院，经永新县人民法院调查取证后于2004年7月8日作出以下判决；【被告永新县顺德石矿开发有限公司返还原告购买的装载机款143000元。[限本判决十日内履行],案件受理费，诉讼保全费6215元，由被告永新县顺德石矿有限公司负担。】[判决书编号；2004永民初字第260号][后附法院判决书一份]在我向法院起诉后，我同时申请诉讼保全，经法院办案人员审核财产后受理，并向永新县人民法院交付诉讼保全费6215元，法院办案人员当着我们双方的面.在设备面前向被告依法告知；设备依法冻结，不得以任何理由转让.变更.变卖.使用.租赁。在冻结设备现场，原告要求法院将设备拉回法院或指定场所封存。法院办案人员回答说；没事的，我们是依法冻结的，是有法律保障的。可是，不到半个月时间，被告就私下转让后离开当地返回原籍。当时在被告转让设备时，原告就得到消息后，立即告知法院办案人员,被告正在变卖被依法冻结的财产。法院办案人员说；没事的，他们不敢，我们是依法冻结的，被告不敢变卖的。当时，我作为一名小女子含着泪水请求办案人员前往制止，否则真的就变卖了。法院办案人员当时又说；只要他们敢变卖，法院会依法追究被告刑事责任的，你放心好了。没办法，只好听法院办案人员的，因为我还要依靠法院，只好眼睁睁的看着被告将被依法冻结的设备财产变卖。作为人民法院，是怎么样的保护保全被冻结设备的，时隔几年了，永新县人民法院至今不理不问。【我是陕西西安人，家又住在西安，公司被被告变卖后，无晒身之处，只好返回家乡】至判决后，我多次前往江西永新县法院询问，多达二十余次。从陕西西安到江西永新，近两千多公里、每次往返途中.费用都至少需要花费近八千余元，累计来回往返从西安到江西永新县的费用已经不足判决给我的总数目。而且；每次询问办案人员时，办案人员说你拿出两三万元钱，法院才好前往被告原籍看看是否可以执行呀，看是否能为你追回财产。难道说法院办案人员当初不前去制止被告变卖财产，就是为了以后由原告出钱旅游吗？难道说被告敢不到半个月时间变卖法院依法冻结的财产，法院办案人员知道后不前去制止是合伙吗?难道说依法判决是儿戏吗?2004年判决的案件至今得不到执行。所以说，我作为原告，属于胜诉，但是；对我来说，只得到的是一张没有法律保障的判决书，根本没有一点法律保障的作用。只是一张纸而已。法律是天平，法院是法律的捍卫者，执行者。难道江西永新县人民法院差旅费都要我们当事人承担吗？在没办法的情况下，曾经向江西永新县上级有关部门反映上级有关部门也对永新县法院作出过批示，但是；永新县法院又说；好了好了，我们的错，我们会尽快执行，你先回陕西吧，我们马上组织执行此案。可是，时间又过了五年，还是没有执行，由于前往江西费用太高，实在是没有经济能力前往询问了，只好求助于您了，帮助我曾经为了江西建设的投资者，还我一个公平。苏书记；我一个小女子，我当时实在是没有一点能力再次支付办案人员所说的这笔出差费用了，为了前往永新县法院催案，我一个有夫之妇，年仅三十多岁的女人，竟然没有钱住店，由于我身体一直有病，只好每次都要我哥哥陪同我从西安前往永新县法院，竟然连酒店都住不起，每次都是和我哥哥登记不足一百元的一间客房住宿。而且有一次，陪我一起前往的还有一位因案件需要西安银行的一位男士[因为当时为了投资在西安银行贷款]，我都没钱单独给他登记一间客房，都是住在同一间客房里[可以调查落实]。那晚我躺在被窝里哭了一宿。心想，我要不是当初为了去江西投资，我在西安也算很不错的呀，怎么就沦落到这个地步呢。苏书记；写到这里我是含着泪水坚持给你往下写。每次想到这些我都无法控制自己，家人和老公每次看到我这样就对我大发雷霆，我在家里也得不到理解和原谅。说实话，我想到过死，想到过前往永新县法院门前去死。可是，我又没有勇气，毕竟我以前也算是一个敢闯敢干的女子。前几天我无意我在电视上看到了您就是江西的省委书记后，使我又一次想起我在江西投资时的情景。所以我一宿都没有睡着，因为我好想前往江西找你，向您反映我的情况，又想您一定很忙，再说我也真的没有一点经济能力了，因为我所有的积蓄都投入在江西投资的公司了。只好鼓起勇气给您写信，向您反映当时的实际情况。(投资人)"
3619153,1,苏书记您好　　中央一再强调要廉洁，村帐目要公开，不知道为什么我们这里没有什么帐目，只是村书记说的算，村干部办事都在书记家里，什么事都是他一个人说的算。江西都昌县南丰大山．希望书记可以派人调查，(冯盛事)
3619154,1,苏书记，好！我是东乡县丰林村的，我们那的新农村建设搞了几年也还没搞，而且大多数的钱还要村民拿，09年的移民钱也没给。请你调查下。感谢！！！(未来在那里)
3619157,1,苏书记：你好！在南昌市青云谱区南莲路有一家叫聚宝盆的网吧，该网吧规模甚大，有两百多台电脑。网吧旁边有两个学校，相距不到10米，大部分都是未成年在上网，上网的人都是没有身份证的，有时收银员看到未成年上网，就不跟他们开，老板就会说：‘我两百多张备用的身份证是拿来给那些没身份证--未成年的人，你们倒好，不开….你们不开，哪我们怎么赚钱….请你们来是干吗的？”常常为了没有身份证的人不开卡而责怪我们这些收银员，.特别是到了晚上未成年人更多。我曾在这网吧工作，据我所知，一些饮料和来一桶方便面，都已经过期了，仍然在出售，…现在机房里放了很多过期的饮料和来一桶方便面。另外还有两台赌博机，赌博机是一天到晚都放在外面，一些同学经常会围着赌博机玩，.老板有时候会调试赌博机，其目的就是赚到更多的黑钱。这赌博机黑了同学不少的钱，我亲眼看到有一个同学在玩赌博机时，输掉了600元，搞得吃饭的钱都没有了，而且经常有人在网吧喝摇头水、卖摇头水….甚至把摇头水藏到吧台及厨房里。我多次向有关部门（关系？）反映都无济于是，我们恳请你们督促江西省省级有关部门彻底铲除这个不知害了多少人的黑网吧。谢谢！一个学生强烈的呼吁
